380,3.114851
383.3333333,3.114851
386.6666667,3.114851
390,3.114851
393.3333333,3.114851
396.6666667,3.114851
400,3.114964
403.3333333,3.778587
406.6666667,4.734855
410,6.13134
413.3333333,8.849779
416.6666667,13.48422
420,20.95603
423.3333333,32.06811
426.6666667,47.63797
430,69.72239
433.3333333,101.7303
436.6666667,144.9293
440,199.9522
443.3333333,266.3688
446.6666667,336.8226
450,390.6116
453.3333333,406.6276
456.6666667,386.2894
460,347.3939
463.3333333,306.7353
466.6666667,272.8233
470,245.6775
473.3333333,225.5833
476.6666667,212.9361
480,208.0562
483.3333333,209.8249
486.6666667,216.4667
490,227.7478
493.3333333,242.174
496.6666667,255.9963
500,266.4752
503.3333333,274.5167
506.6666667,282.3018
510,288.8542
513.3333333,291.7617
516.6666667,292.7659
520,295.7817
523.3333333,302.2587
526.6666667,309.6927
530,314.8558
533.3333333,318.6278
536.6666667,323.9264
540,332.9865
543.3333333,343.8996
546.6666667,351.9232
550,355.229
553.3333333,356.5965
556.6666667,359.9767
560,365.8355
563.3333333,371.1445
566.6666667,372.1811
570,369.2768
573.3333333,365.9431
576.6666667,366.2408
580,370.3957
583.3333333,375.5597
586.6666667,378.6097
590,378.9168
593.3333333,378.8293
596.6666667,381.5185
600,388.0798
603.3333333,396.296
606.6666667,403.2852
610,407.4418
613.3333333,410.2803
616.6666667,412.5048
620,414.9379
623.3333333,416.6135
626.6666667,417.0361
630,415.0305
633.3333333,410.3439
636.6666667,402.0711
640,391.3314
643.3333333,379.6701
646.6666667,368.1828
650,356.5343
653.3333333,343.3331
656.6666667,328.2833
660,311.5492
663.3333333,294.2391
666.6666667,276.8484
670,259.8794
673.3333333,243.2009
676.6666667,227.5596
680,212.8841
683.3333333,198.876
686.6666667,184.8025
690,170.556
693.3333333,156.763
696.6666667,143.8956
700,132.2023
703.3333333,121.5386
706.6666667,112.0171
710,103.3881
713.3333333,95.34802
716.6666667,87.40078
720,79.59424
723.3333333,72.36142
726.6666667,66.00708
730,60.29789