Types,HPCS-330P
version,2. 0.8
Describe,
Test date,2026-06-19
Test time,08:39:57
PAR(mW/cm2),0.753
PPFD(umol/m2/s),33.989
PPFD-UV(umol/m2/s),0.004
PPFD-B(umol/m2/s),2.973
PPFD-G(umol/m2/s),10.179
PPFD-R(umol/m2/s),20.837
PPFD-FR(umol/m2/s),4.323
PPFD-IR(umol/m2/s),0.144
Kppfv(umol/s/klm),19.077
Erb Ratio,5.050
YPFD(umol/m2/s),30.944
Ech-A(mW/cm2),0.013
Ech-B(mW/cm2),0.005
DLI(mol/m2d),0.000
CLI(mol/m2),0.000
E(lx),1781.67
Candle E(fc),165.58
CCT(K),2686
Duv,-0.00534
CIE x,0.4519
CIE y,0.3947
CIE u,0.2646
CIE v,0.3466
CIE u',0.2646
CIE v',0.5199
SDCM,6.23
Ra,94.1
R1,92
R2,95
R3,98
R4,93
R5,92
R6,91
R7,99
R8,93
R9,83
R10,91
R11,89
R12,85
R13,92
R14,98
R15,92
Ee(mW/cm2),0.753
S/P,1.396
Dominant(nm),586.20
Purity(%),54.1
Half width(nm),141.0
Peak(nm),644.9
Center(nm),629.1
Centroid(nm),610.8
R ratio(%),61.1
G ratio(%),30.5
B ratio(%),8.4
Freq(Hz),0.00
FlickPercentage(%),0.0
FlickerIndex,0.000
DutyCycle(%),0.0
FlickCycle(ms),0.00
Integral Time(ms),120.00
Peak Signal,49958
Dark Signal,1992
Compensate level,2660
Start wava(nm),350
End wava(nm),800
Wava(nm),[mW/m2/nm]
350,0.016255,
351,0.002581,
352,0.007207,
353,0.005808,
354,0.000000,
355,0.001694,
356,0.018608,
357,0.024766,
358,0.029808,
359,0.033398,
360,0.029230,
361,0.016941,
362,0.010622,
363,0.007798,
364,0.016000,
365,0.020625,
366,0.020195,
367,0.020544,
368,0.029425,
369,0.034232,
370,0.034017,
371,0.044316,
372,0.049613,
373,0.043186,
374,0.034097,
375,0.029849,
376,0.023637,
377,0.014682,
378,0.015166,
379,0.005109,
380,0.000000,
381,0.000000,
382,0.000000,
383,0.001102,
384,0.019388,
385,0.034474,
386,0.047462,
387,0.051630,
388,0.039186,
389,0.023637,
390,0.024390,
391,0.022454,
392,0.019845,
393,0.022346,
394,0.026891,
395,0.025815,
396,0.036975,
397,0.044450,
398,0.055234,
399,0.073331,
400,0.080834,
401,0.084616,
402,0.077267,
403,0.066665,
404,0.043576,
405,0.023518,
406,0.018220,
407,0.023413,
408,0.016564,
409,0.023944,
410,0.030504,
411,0.015235,
412,0.015690,
413,0.026097,
414,0.029691,
415,0.031622,
416,0.048960,
417,0.069617,
418,0.085412,
419,0.116046,
420,0.154390,
421,0.193179,
422,0.253171,
423,0.338486,
424,0.431214,
425,0.553357,
426,0.691754,
427,0.845944,
428,1.020279,
429,1.216949,
430,1.447346,
431,1.709761,
432,2.012877,
433,2.341289,
434,2.693372,
435,3.082234,
436,3.563384,
437,4.098932,
438,4.630390,
439,5.221624,
440,5.856907,
441,6.596474,
442,7.414393,
443,8.336276,
444,9.373238,
445,10.524095,
446,11.729235,
447,12.979181,
448,14.225658,
449,15.439834,
450,16.688559,
451,17.703524,
452,18.306372,
453,18.629314,
454,18.670038,
455,18.393950,
456,17.883047,
457,17.212660,
458,16.376684,
459,15.463799,
460,14.581732,
461,13.784189,
462,13.108216,
463,12.562168,
464,12.129444,
465,11.799440,
466,11.550469,
467,11.291047,
468,11.048796,
469,10.850211,
470,10.616730,
471,10.327331,
472,10.016811,
473,9.701684,
474,9.380564,
475,9.102773,
476,8.875661,
477,8.702539,
478,8.599850,
479,8.563551,
480,8.590233,
481,8.682766,
482,8.850891,
483,9.053116,
484,9.293658,
485,9.580796,
486,9.880744,
487,10.132173,
488,10.395784,
489,10.625375,
490,10.857969,
491,11.097516,
492,11.356482,
493,11.638888,
494,11.960394,
495,12.271453,
496,12.556269,
497,12.822544,
498,13.068213,
499,13.300129,
500,13.519567,
501,13.744544,
502,14.000104,
503,14.284334,
504,14.568686,
505,14.852994,
506,15.134488,
507,15.391039,
508,15.610803,
509,15.809872,
510,16.000408,
511,16.186314,
512,16.343191,
513,16.506542,
514,16.649948,
515,16.763559,
516,16.863453,
517,16.967651,
518,17.041353,
519,17.128059,
520,17.257257,
521,17.403776,
522,17.556328,
523,17.702486,
524,17.867693,
525,18.031723,
526,18.177755,
527,18.337542,
528,18.545738,
529,18.741081,
530,18.926497,
531,19.130363,
532,19.308815,
533,19.467270,
534,19.638885,
535,19.821049,
536,19.973431,
537,20.131632,
538,20.286243,
539,20.437805,
540,20.559811,
541,20.696281,
542,20.804325,
543,20.903505,
544,21.003622,
545,21.121115,
546,21.254560,
547,21.435009,
548,21.621216,
549,21.778399,
550,21.958893,
551,22.144913,
552,22.304346,
553,22.447475,
554,22.600271,
555,22.759619,
556,22.889435,
557,23.014488,
558,23.156818,
559,23.308691,
560,23.391989,
561,23.509651,
562,23.665865,
563,23.783079,
564,23.865744,
565,23.975313,
566,24.059793,
567,24.097929,
568,24.132029,
569,24.178904,
570,24.258963,
571,24.332115,
572,24.398109,
573,24.487789,
574,24.633816,
575,24.786741,
576,24.943979,
577,25.121656,
578,25.308636,
579,25.474808,
580,25.644606,
581,25.810493,
582,25.993969,
583,26.224367,
584,26.447657,
585,26.657808,
586,26.889091,
587,27.155750,
588,27.391493,
589,27.620052,
590,27.861923,
591,28.133476,
592,28.385391,
593,28.643921,
594,28.951555,
595,29.277750,
596,29.584358,
597,29.902596,
598,30.247446,
599,30.602943,
600,30.992857,
601,31.425179,
602,31.904516,
603,32.341312,
604,32.789570,
605,33.230019,
606,33.665619,
607,34.108479,
608,34.610260,
609,35.134018,
610,35.621166,
611,36.120209,
612,36.672382,
613,37.226292,
614,37.767349,
615,38.311867,
616,38.830502,
617,39.282421,
618,39.727722,
619,40.151993,
620,40.553829,
621,41.010250,
622,41.494633,
623,41.903702,
624,42.287159,
625,42.673592,
626,42.977497,
627,43.265675,
628,43.535751,
629,43.768585,
630,44.002163,
631,44.261250,
632,44.499573,
633,44.759743,
634,45.043243,
635,45.307098,
636,45.540951,
637,45.718533,
638,45.798981,
639,45.848396,
640,45.884201,
641,45.958305,
642,46.056557,
643,46.159615,
644,46.271072,
645,46.351780,
646,46.328587,
647,46.245117,
648,46.214710,
649,46.148365,
650,46.044693,
651,45.937332,
652,45.809570,
653,45.617107,
654,45.385330,
655,45.115391,
656,44.839130,
657,44.533009,
658,44.194817,
659,43.845589,
660,43.491489,
661,43.108353,
662,42.729683,
663,42.332806,
664,41.925667,
665,41.511883,
666,41.068913,
667,40.606125,
668,40.134102,
669,39.599411,
670,39.063759,
671,38.530376,
672,37.984253,
673,37.399208,
674,36.853127,
675,36.323997,
676,35.809116,
677,35.261467,
678,34.766472,
679,34.274143,
680,33.725864,
681,33.148926,
682,32.603027,
683,32.041077,
684,31.480202,
685,30.933882,
686,30.345316,
687,29.898600,
688,29.485294,
689,28.969236,
690,28.432028,
691,27.964489,
692,27.486004,
693,26.961473,
694,26.443600,
695,25.897463,
696,25.309828,
697,24.716461,
698,24.106226,
699,23.470961,
700,22.879206,
701,22.321354,
702,21.792171,
703,21.271156,
704,20.797943,
705,20.339325,
706,19.878325,
707,19.375059,
708,18.911144,
709,18.425014,
710,17.920633,
711,17.433830,
712,16.950859,
713,16.460102,
714,15.986743,
715,15.528265,
716,15.093865,
717,14.687922,
718,14.382751,
719,14.069880,
720,13.690905,
721,13.305729,
722,12.961894,
723,12.634014,
724,12.291455,
725,11.970095,
726,11.640295,
727,11.294278,
728,10.930741,
729,10.577757,
730,10.262428,
731,9.962514,
732,9.671088,
733,9.366117,
734,9.063732,
735,8.752004,
736,8.453125,
737,8.167206,
738,7.878803,
739,7.620811,
740,7.376823,
741,7.113969,
742,6.893085,
743,6.712098,
744,6.503256,
745,6.269351,
746,6.063931,
747,5.840888,
748,5.621783,
749,5.384857,
750,5.163666,
751,4.967568,
752,4.820304,
753,4.656283,
754,4.514435,
755,4.357440,
756,4.184713,
757,3.996093,
758,3.836775,
759,3.684126,
760,3.544185,
761,3.428612,
762,3.342610,
763,3.248703,
764,3.151447,
765,3.042349,
766,2.934584,
767,2.793532,
768,2.670644,
769,2.548162,
770,2.435054,
771,2.325839,
772,2.224472,
773,2.143937,
774,2.096160,
775,2.019911,
776,1.949930,
777,1.892053,
778,1.809745,
779,1.708233,
780,1.648326,
781,1.590870,
782,1.522116,
783,1.460513,
784,1.406154,
785,1.364850,
786,1.311886,
787,1.229897,
788,1.156719,
789,1.103881,
790,1.028669,
791,0.976453,
792,0.935155,
793,0.898731,
794,0.890365,
795,0.877773,
796,0.854624,
797,0.832750,
798,0.828232,
799,0.810298,
800,0.773615,
0,0,
1,0,
2,0,
3,0,
4,0,
5,0,
6,0,
7,0,
8,0,
9,0,
10,0,
11,0,
12,0,
13,0,
14,0,
15,0,
16,0,
17,0,
18,0,
19,0,
20,0,
21,0,
22,0,
23,0,
24,0,
25,0,
26,0,
27,0,
28,0,
29,0,
30,0,
31,0,
32,0,
33,0,
34,0,
35,0,
36,0,
37,0,
38,0,
39,0,
40,0,
41,0,
42,0,
43,0,
44,0,
45,0,
46,0,
47,0,
48,0,
49,0,
50,0,
51,0,
52,0,
53,0,
54,0,
55,0,
56,0,
57,0,
58,0,
59,0,
60,0,
61,0,
62,0,
63,0,
64,0,
65,0,
66,0,
67,0,
68,0,
69,0,
70,0,
71,0,
72,0,
73,0,
74,0,
75,0,
76,0,
77,0,
78,0,
79,0,
80,0,
81,0,
82,0,
83,0,
84,0,
85,0,
86,0,
87,0,
88,0,
89,0,
90,0,
91,0,
92,0,
93,0,
94,0,
95,0,
96,0,
97,0,
98,0,
99,0,
100,0,
101,0,
102,0,
103,0,
104,0,
105,0,
106,0,
107,0,
108,0,
109,0,
110,0,
111,0,
112,0,
113,0,
114,0,
115,0,
116,0,
117,0,
118,0,
119,0,
120,0,
121,0,
122,0,
123,0,
124,0,
125,0,
126,0,
127,0,
128,0,
129,0,
130,0,
131,0,
132,0,
133,0,
134,0,
135,0,
136,0,
137,0,
138,0,
139,0,
140,0,
141,0,
142,0,
143,0,
144,0,
145,0,
146,0,
147,0,
148,0,
149,0,
150,0,
151,0,
152,0,
153,0,
154,0,
155,0,
156,0,
157,0,
158,0,
159,0,
160,0,
161,0,
162,0,
163,0,
164,0,
165,0,
166,0,
167,0,
168,0,
169,0,
170,0,
171,0,
172,0,
173,0,
174,0,
175,0,
176,0,
177,0,
178,0,
179,0,
180,0,
181,0,
182,0,
183,0,
184,0,
185,0,
186,0,
187,0,
188,0,
189,0,
190,0,
191,0,
192,0,
193,0,
194,0,
195,0,
196,0,
197,0,
198,0,
199,0,
200,0,
201,0,
202,0,
203,0,
204,0,
205,0,
206,0,
207,0,
208,0,
209,0,
210,0,
211,0,
212,0,
213,0,
214,0,
215,0,
216,0,
217,0,
218,0,
219,0,
220,0,
221,0,
222,0,
223,0,
224,0,
225,0,
226,0,
227,0,
228,0,
229,0,
230,0,
231,0,
232,0,
233,0,
234,0,
235,0,
236,0,
237,0,
238,0,
239,0,
240,0,
241,0,
242,0,
243,0,
244,0,
245,0,
246,0,
247,0,
248,0,
249,0,
250,0,
251,0,
252,0,
253,0,
254,0,
255,0,
256,0,
257,0,
258,0,
259,0,
260,0,
261,0,
262,0,
263,0,
264,0,
265,0,
266,0,
267,0,
268,0,
269,0,
270,0,
271,0,
272,0,
273,0,
274,0,
275,0,
276,0,
277,0,
278,0,
279,0,
280,0,
281,0,
282,0,
283,0,
284,0,
285,0,
286,0,
287,0,
288,0,
289,0,
290,0,
291,0,
292,0,
293,0,
294,0,
295,0,
296,0,
297,0,
298,0,
299,0,
300,0,
301,0,
302,0,
303,0,
304,0,
305,0,
306,0,
307,0,
308,0,
309,0,
310,0,
311,0,
312,0,
313,0,
314,0,
315,0,
316,0,
317,0,
318,0,
319,0,
320,0,
321,0,
322,0,
323,0,
324,0,
325,0,
326,0,
327,0,
328,0,
329,0,
330,0,
331,0,
332,0,
333,0,
334,0,
335,0,
336,0,
337,0,
338,0,
339,0,
340,0,
341,0,
342,0,
343,0,
344,0,
345,0,
346,0,
347,0,
348,0,
349,0,
350,0,
351,0,
352,0,
353,0,
354,0,
355,0,
356,0,
357,0,
358,0,
359,0,
360,0,
361,0,
362,0,
363,0,
364,0,
365,0,
366,0,
367,0,
368,0,
369,0,
370,0,
371,0,
372,0,
373,0,
374,0,
375,0,
376,0,
377,0,
378,0,
379,0,
380,0,
381,0,
382,0,
383,0,
384,0,
385,0,
386,0,
387,0,
388,0,
389,0,
390,0,
391,0,
392,0,
393,0,
394,0,
395,0,
396,0,
397,0,
398,0,
399,0,
400,0,
