Model,HPCS-330-1298258
Version,1.37.71
Mark
Test Date,2026/06/22 11:20
E(lx),1760.56
Candle E(fc),163.62
CCT(K),5111
Duv,0.00304
x,0.3425
y,0.3556
u,0.2081
v,0.3242
u’,0.2081
v’,0.4862
SDCM,1.75
Ra,92.5
R1,92
R2,95
R3,96
R4,91
R5,91
R6,91
R7,95
R8,88
R9,69
R10,88
R11,91
R12,67
R13,94
R14,98
R15,91
S/P,2.092
Dominant(nm),568.00
Purity(%),9.5
Half width(nm),22.5
Peak(nm),453.6
Center(nm),456.3
Centroid(nm),562.5
R ratio(%),34.1
G ratio(%),43.4
B ratio(%),22.5
Integrat.Time(ms),180
Peak Signal,55338
Dark Signal,3302
Compensate level,2680
StartTestWave,380
EndTestWave,780
380,0.001885775476694107
381,0.010283432900905609
382,0.007224387023597956
383,0.035110801458358765
384,0.058124929666519165
385,0.07541806250810623
386,0.08758789300918579
387,0.09725964814424515
388,0.08849909901618958
389,0.08078944683074951
390,0.06577315181493759
391,0.051233936101198196
392,0.0180961973965168
393,0
394,0
395,0
396,0
397,0.0027538330759853125
398,0.01414860412478447
399,0.028742386028170586
400,0.025651616975665092
401,0.009195377118885517
402,0
403,0.009799046441912651
404,0
405,0.007989435456693172
406,0.02433657832443714
407,0.02913414128124714
408,0.03514138236641884
409,0.049785297363996506
410,0.07272597402334213
411,0.11191491037607193
412,0.13486967980861664
413,0.15146632492542267
414,0.16850845515727997
415,0.18141323328018188
416,0.2142367660999298
417,0.26696711778640747
418,0.32125765085220337
419,0.38933899998664856
420,0.4681463837623596
421,0.5473043918609619
422,0.672602653503418
423,0.8403089046478271
424,1.0580010414123535
425,1.3199615478515625
426,1.6211531162261963
427,1.9445775747299194
428,2.2880008220672607
429,2.6767351627349854
430,3.1038339138031006
431,3.5785515308380127
432,4.0897369384765625
433,4.678522109985352
434,5.356296062469482
435,6.1353840827941895
436,7.129829406738281
437,8.249074935913086
438,9.381341934204102
439,10.635330200195312
440,12.092096328735352
441,13.815308570861816
442,15.84036636352539
443,18.231292724609375
444,21.078569412231445
445,24.203516006469727
446,27.63712501525879
447,31.367340087890625
448,35.260520935058594
449,38.99952697753906
450,42.51992416381836
451,45.36150360107422
452,47.39206314086914
453,48.33858871459961
454,48.232975006103516
455,47.065486907958984
456,45.197418212890625
457,42.791603088378906
458,39.97065353393555
459,37.08945083618164
460,34.39315414428711
461,32.03591537475586
462,29.996335983276367
463,28.35829734802246
464,27.131839752197266
465,26.19759750366211
466,25.379737854003906
467,24.634326934814453
468,23.732656478881836
469,22.70694351196289
470,21.74439239501953
471,20.717802047729492
472,19.644115447998047
473,18.553943634033203
474,17.533935546875
475,16.627408981323242
476,15.872001647949219
477,15.278413772583008
478,14.854718208312988
479,14.56836986541748
480,14.418061256408691
481,14.365091323852539
482,14.369959831237793
483,14.436385154724121
484,14.542227745056152
485,14.670486450195312
486,14.851278305053711
487,15.063248634338379
488,15.251773834228516
489,15.452812194824219
490,15.66848373413086
491,15.912635803222656
492,16.200897216796875
493,16.55124855041504
494,16.94037628173828
495,17.407434463500977
496,17.834304809570312
497,18.259416580200195
498,18.667064666748047
499,19.090778350830078
500,19.4821834564209
501,19.88053321838379
502,20.275991439819336
503,20.659954071044922
504,20.98383903503418
505,21.224218368530273
506,21.4481143951416
507,21.68831443786621
508,21.913888931274414
509,22.136837005615234
510,22.409109115600586
511,22.66902732849121
512,22.87923812866211
513,23.087120056152344
514,23.268129348754883
515,23.414464950561523
516,23.601646423339844
517,23.777193069458008
518,23.921710968017578
519,24.076160430908203
520,24.189603805541992
521,24.223224639892578
522,24.238191604614258
523,24.231075286865234
524,24.221824645996094
525,24.22206687927246
526,24.223764419555664
527,24.234798431396484
528,24.25325584411621
529,24.25058364868164
530,24.266826629638672
531,24.305835723876953
532,24.349716186523438
533,24.42697525024414
534,24.550878524780273
535,24.698545455932617
536,24.867219924926758
537,25.04983139038086
538,25.223894119262695
539,25.3715763092041
540,25.512739181518555
541,25.61125373840332
542,25.723115921020508
543,25.824329376220703
544,25.887100219726562
545,25.93488311767578
546,25.98971939086914
547,26.01662254333496
548,26.012081146240234
549,26.020898818969727
550,26.009740829467773
551,26.016448974609375
552,26.011974334716797
553,26.03348731994629
554,26.032915115356445
555,26.048667907714844
556,26.068798065185547
557,26.08608055114746
558,26.09356117248535
559,26.132658004760742
560,26.157949447631836
561,26.202585220336914
562,26.229389190673828
563,26.23248291015625
564,26.195199966430664
565,26.142253875732422
566,26.086380004882812
567,26.023218154907227
568,25.947547912597656
569,25.869123458862305
570,25.80217170715332
571,25.694307327270508
572,25.541975021362305
573,25.400651931762695
574,25.2910213470459
575,25.177383422851562
576,25.04445457458496
577,24.953588485717773
578,24.858938217163086
579,24.75572395324707
580,24.663021087646484
581,24.607967376708984
582,24.578672409057617
583,24.562007904052734
584,24.542375564575195
585,24.530176162719727
586,24.52025032043457
587,24.483234405517578
588,24.420188903808594
589,24.372234344482422
590,24.34440803527832
591,24.312660217285156
592,24.27733039855957
593,24.28097915649414
594,24.298044204711914
595,24.27249526977539
596,24.212751388549805
597,24.175504684448242
598,24.102182388305664
599,24.005430221557617
600,23.927764892578125
601,23.816028594970703
602,23.6828556060791
603,23.58326530456543
604,23.573562622070312
605,23.566692352294922
606,23.629114151000977
607,23.711515426635742
608,23.793851852416992
609,23.824296951293945
610,23.88276481628418
611,23.92511749267578
612,23.940505981445312
613,23.98248291015625
614,24.029504776000977
615,24.02556800842285
616,24.02266502380371
617,24.056827545166016
618,24.073484420776367
619,24.050914764404297
620,24.05881118774414
621,24.046812057495117
622,24.016510009765625
623,23.958765029907227
624,23.86421775817871
625,23.730459213256836
626,23.599740982055664
627,23.47965431213379
628,23.391613006591797
629,23.324499130249023
630,23.222816467285156
631,23.087703704833984
632,22.949077606201172
633,22.790939331054688
634,22.622838973999023
635,22.475502014160156
636,22.373258590698242
637,22.273643493652344
638,22.138473510742188
639,21.936710357666016
640,21.758075714111328
641,21.609331130981445
642,21.442636489868164
643,21.25885772705078
644,21.10162925720215
645,20.920238494873047
646,20.711301803588867
647,20.51026725769043
648,20.29561996459961
649,20.088504791259766
650,19.865612030029297
651,19.653642654418945
652,19.46831512451172
653,19.291990280151367
654,19.075359344482422
655,18.86808967590332
656,18.649160385131836
657,18.401742935180664
658,18.141035079956055
659,17.868335723876953
660,17.574626922607422
661,17.266435623168945
662,16.977941513061523
663,16.71775245666504
664,16.413366317749023
665,16.112926483154297
666,15.827347755432129
667,15.622949600219727
668,15.37021255493164
669,15.017416000366211
670,14.69866943359375
671,14.389691352844238
672,14.060516357421875
673,13.75436019897461
674,13.514864921569824
675,13.255882263183594
676,12.985809326171875
677,12.721922874450684
678,12.451678276062012
679,12.184699058532715
680,11.999220848083496
681,11.81071662902832
682,11.60299301147461
683,11.374702453613281
684,11.130111694335938
685,10.870360374450684
686,10.60906982421875
687,10.338579177856445
688,10.099891662597656
689,9.878242492675781
690,9.668493270874023
691,9.455292701721191
692,9.270353317260742
693,9.090733528137207
694,8.8996000289917
695,8.686517715454102
696,8.467730522155762
697,8.254155158996582
698,8.025561332702637
699,7.761384010314941
700,7.520895481109619
701,7.313716411590576
702,7.109611988067627
703,6.9038567543029785
704,6.75200080871582
705,6.599442958831787
706,6.409772872924805
707,6.181867599487305
708,5.9975199699401855
709,5.820851802825928
710,5.6434478759765625
711,5.463902950286865
712,5.317742347717285
713,5.18889045715332
714,5.070462703704834
715,4.9452667236328125
716,4.815573215484619
717,4.655742168426514
718,4.504537582397461
719,4.314122200012207
720,4.159971237182617
721,4.042161464691162
722,3.9295051097869873
723,3.8046674728393555
724,3.696631669998169
725,3.6127350330352783
726,3.523993492126465
727,3.4499685764312744
728,3.35038685798645
729,3.244110584259033
730,3.140711784362793
731,3.0404746532440186
732,2.9133729934692383
733,2.785670518875122
734,2.6791768074035645
735,2.5686209201812744
736,2.4867711067199707
737,2.429518222808838
738,2.3536934852600098
739,2.2711284160614014
740,2.1964874267578125
741,2.1250393390655518
742,2.037944793701172
743,1.9718807935714722
744,1.9421348571777344
745,1.8971786499023438
746,1.8284679651260376
747,1.7702614068984985
748,1.7074792385101318
749,1.6551388502120972
750,1.5953505039215088
751,1.541876196861267
752,1.5036358833312988
753,1.4684284925460815
754,1.3949382305145264
755,1.329923152923584
756,1.280227780342102
757,1.218869924545288
758,1.165998101234436
759,1.1628519296646118
760,1.1356309652328491
761,1.0999789237976074
762,1.0534743070602417
763,1.0113736391067505
764,0.9581396579742432
765,0.8907639980316162
766,0.8412320017814636
767,0.8299020528793335
768,0.800715982913971
769,0.7652342319488525
770,0.7585210800170898
771,0.7445894479751587
772,0.706378698348999
773,0.6783925294876099
774,0.6811042428016663
775,0.6576279997825623
776,0.6225953698158264
777,0.5812709331512451
778,0.5844036340713501
779,0.5824021100997925
780,0.5966756939888