Model	HPCS-330P-334145335
Version	2.00.08
Mark	
Test Date	2026/06/20 13:53
PAR(mW/cm²)	2.008
PPFD(umol/㎡/s)	91.921
PPFD-UV(umol/㎡/s)	0.014
PPFD-B(umol/㎡/s)	8.7
PPFD-G(umol/㎡/s)	30.742
PPFD-R(umol/㎡/s)	52.479
PPFD-FR(umol/㎡/s)	8.789
PPFD-IR(umol/㎡/s)	0.381
Kppfv(umol/s/klm)	17.472
Erb Ratio	4.379
YPFD(umol/m²/s)	83.41
Ech-A(mW/cm²)	0.033
Ech-B(mW/cm²)	0.015
DLI(mol/m²d)	0
CLI(mol/m²)	0
E(lx)	5261.1
Candle E(fc)	488.95
CCT(K)	2810
Duv	-0.00185
x	0.4481
y	0.4028
u	0.2584
v	0.3484
u’	0.2584
v’	0.5226
SDCM	3.93
Ra	96.4
R1	96
R2	97
R3	99
R4	96
R5	96
R6	93
R7	97
R8	97
R9	95
R10	94
R11	92
R12	88
R13	96
R14	99
R15	99
Ee(mW/cm²)	2.008
S/P	1.4
Dominant(nm)	584.3
Purity(%)	55.4
Half width(nm)	149.3
Peak(nm)	631.7
Center(nm)	614.8
Centroid(nm)	602.3
R ratio(%)	56.3
G ratio(%)	34.8
B ratio(%)	8.9
Integrat.Time(ms)	51
Peak Signal	62747
Dark Signal	3635
Compensate level	2670
StartTestWave	350
EndTestWave	800
350	0.0713486746
351	0.08131308854
352	0.04565320909
353	0.03264024109
354	0.02214377001
355	0.03939829767
356	0.06779698282
357	0.08605805784
358	0.08929333091
359	0.1173323616
360	0.1064765006
361	0.07455503196
362	0.06573010981
363	0.05485588685
364	0.03673830628
365	0.02710436285
366	0.02084944956
367	0.02386935428
368	0.01876447722
369	0.05406497046
370	0.07642411441
371	0.09799285978
372	0.1128032953
373	0.1187706962
374	0.08206819743
375	0.06772509962
376	0.07383599877
377	0.09403855354
378	0.1046790332
379	0.1158229336
380	0.1255284995
381	0.1314240247
382	0.1255284995
383	0.1200647503
384	0.1245938167
385	0.1360971034
386	0.1394401938
387	0.1375349015
388	0.1281890124
389	0.09461356699
390	0.06952255964
391	0.07117627561
392	0.06650292128
393	0.06103865802
394	0.075992845
395	0.09957469255
396	0.0953328684
397	0.116685465
398	0.14030312
399	0.1550053358
400	0.1309091598
401	0.153652221
402	0.1414170563
403	0.1502375603
404	0.1753342003
405	0.2054744959
406	0.1874060631
407	0.1999855787
408	0.2179179937
409	0.2189241499
410	0.2450128198
411	0.2753627598
412	0.3060257733
413	0.3823643029
414	0.4411949515
415	0.5228242874
416	0.6205698848
417	0.7114987969
418	0.7998741865
419	0.91636163
420	1.031481504
421	1.186931968
422	1.357735634
423	1.565487742
424	1.823619723
425	2.085654259
426	2.3937819
427	2.760904074
428	3.154745579
429	3.594746828
430	4.104220867
431	4.689407825
432	5.353284359
433	6.132173538
434	7.033988953
435	8.05534935
436	9.424341202
437	11.07344341
438	12.78447533
439	14.8308897
440	17.25350571
441	20.00453186
442	23.15119743
443	26.62062073
444	30.27172089
445	33.8884964
446	37.38737869
447	40.56104279
448	43.24928284
449	45.51935196
450	46.85848618
451	47.33574295
452	47.07540131
453	46.19540405
454	44.78422165
455	43.1456871
456	41.29450607
457	39.50971222
458	37.92382431
459	36.71940613
460	35.80017471
461	35.04856491
462	34.43622208
463	33.72485352
464	32.94987869
465	32.3415451
466	31.62009811
467	30.87637711
468	30.10129738
469	29.29000854
470	28.45936775
471	27.73500061
472	27.07826233
473	26.57616043
474	26.25829506
475	26.13554382
476	26.26379395
477	26.56830025
478	27.00755119
479	27.62653351
480	28.32169342
481	29.00609779
482	29.72760773
483	30.48825836
484	31.31154823
485	32.14690399
486	32.98495865
487	33.81923294
488	34.70046234
489	35.5730896
490	36.43196487
491	37.30548859
492	38.22999573
493	39.09874344
494	39.85535049
495	40.73220062
496	41.62413025
497	42.44561386
498	43.27235794
499	44.05400848
500	44.7991333
501	45.50143814
502	46.14772415
503	46.77137756
504	47.37306976
505	47.88618088
506	48.3410759
507	48.77602768
508	49.19392395
509	49.60800552
510	50.06052399
511	50.52162552
512	50.95892715
513	51.42918396
514	51.84215927
515	52.21227646
516	52.57027435
517	52.8809433
518	53.22447586
519	53.65427017
520	54.06767273
521	54.4479866
522	54.82683563
523	55.13874054
524	55.38066864
525	55.64518356
526	55.95296478
527	56.27422714
528	56.63609314
529	57.03693771
530	57.3783226
531	57.73163986
532	58.06686783
533	58.30925751
534	58.60671234
535	59.02138138
536	59.38385391
537	59.70623779
538	60.03876877
539	60.30849075
540	60.55472183
541	60.9352417
542	61.36021805
543	61.79411316
544	62.23693466
545	62.71712112
546	63.13065338
547	63.43441391
548	63.7505455
549	64.01714325
550	64.3174057
551	64.61029053
552	64.96867371
553	65.38307953
554	65.80410767
555	66.15200806
556	66.57526398
557	66.94586945
558	67.27825928
559	67.61016846
560	67.94650269
561	68.27597809
562	68.70002747
563	69.10584259
564	69.55368805
565	69.97180176
566	70.37004089
567	70.7690506
568	71.18016815
569	71.59876251
570	72.14003754
571	72.67002106
572	73.17532349
573	73.66230774
574	74.13057709
575	74.63544464
576	75.12713623
577	75.60400391
578	76.11741638
579	76.70438385
580	77.23123169
581	77.81358337
582	78.47179413
583	79.20513153
584	79.9981308
585	80.83100128
586	81.67882538
587	82.53448486
588	83.34457397
589	84.17954254
590	85.01132965
591	85.93521118
592	86.9303894
593	88.03825378
594	88.9923172
595	90.03114319
596	91.11211395
597	92.12710571
598	93.11531067
599	94.31340027
600	95.46911621
601	96.50836182
602	97.68365479
603	98.85709381
604	100.0071259
605	101.131752
606	102.3946991
607	103.5040436
608	104.5574188
609	105.5585022
610	106.6044922
611	107.6070862
612	108.5997467
613	109.6139221
614	110.6551361
615	111.6775513
616	112.6004105
617	113.6351013
618	114.6600266
619	115.5071869
620	116.2084808
621	116.918129
622	117.5803452
623	118.241951
624	118.7376022
625	119.256897
626	119.8044205
627	120.1389008
628	120.3223038
629	120.6581573
630	120.9309845
631	121.1061172
632	121.2474213
633	121.2352371
634	121.1784668
635	121.0341949
636	120.7464371
637	120.488533
638	120.2763138
639	119.8465195
640	119.448204
641	119.0836487
642	118.7990799
643	118.5085526
644	118.1360703
645	117.4972916
646	116.8609619
647	116.0924225
648	115.210556
649	114.3350983
650	113.5320511
651	112.5631943
652	111.676506
653	110.7957611
654	109.7368088
655	108.6276245
656	107.3972473
657	106.0345993
658	104.608284
659	103.223587
660	101.9726486
661	100.783226
662	99.73222351
663	98.70932007
664	97.29108429
665	95.78329468
666	94.19696808
667	92.76156616
668	91.3321991
669	89.93157196
670	88.63189697
671	87.23383331
672	85.76664734
673	84.34619904
674	82.88388062
675	81.31842804
676	79.79734039
677	78.56208038
678	77.36047363
679	75.82689667
680	74.39004517
681	72.88430023
682	71.42063141
683	69.88661957
684	68.3085022
685	66.73284912
686	65.25091553
687	63.8107338
688	62.37930298
689	61.08816147
690	60.02817917
691	58.94286728
692	57.60116196
693	56.31014252
694	55.06548309
695	53.85551453
696	52.60614777
697	51.3175087
698	49.99269867
699	48.57987213
700	47.10751724
701	45.96263504
702	44.91415787
703	43.74388123
704	42.59305191
705	41.5308876
706	40.46784592
707	39.43191528
708	38.33423996
709	37.27135849
710	36.23685837
711	35.46781921
712	34.69086075
713	33.7371521
714	32.82616425
715	31.91360092
716	31.00417328
717	30.09048843
718	29.24346542
719	28.40546799
720	27.76660919
721	27.09555244
722	26.30356598
723	25.50584793
724	24.69843864
725	23.87696075
726	23.16424751
727	22.47889328
728	21.90782547
729	21.33317375
730	20.70490265
731	20.00668716
732	19.27936172
733	18.6013813
734	17.92436028
735	17.29251289
736	16.82916832
737	16.39656067
738	15.82771778
739	15.29544735
740	14.77658272
741	14.26340675
742	13.75846767
743	13.3968811
744	13.08623409
745	12.68103504
746	12.22625828
747	11.7710104
748	11.32200241
749	10.90115166
750	10.55554581
751	10.25771427
752	9.861617088
753	9.430932999
754	9.055381775
755	8.706492424
756	8.38152504
757	8.105694771
758	7.885703564
759	7.582725525
760	7.369339943
761	7.128695488
762	6.899283409
763	6.711604595
764	6.524621487
765	6.243915081
766	5.952418804
767	5.699519157
768	5.522138596
769	5.362977505
770	5.204251766
771	4.982092381
772	4.800768375
773	4.618362904
774	4.45345974
775	4.348876476
776	4.210428238
777	4.090608597
778	3.960865021
779	3.823693991
780	3.658695936
781	3.579362631
782	3.486023188
783	3.338964701
784	3.240990877
785	3.128931999
786	3.051992178
787	2.958124399
788	2.893258572
789	2.866175175
790	2.870443106
791	2.92475462
792	2.951660156
793	2.990013361
794	2.901139021
795	2.782314301
796	2.579105139
797	2.460335016
798	2.36015439
799	2.232876301
800	2.161706686