Model,HPCS-310P-314735381
Version,2.00.08
Mark
Test Date,2026/06/29 23:47
PAR(mW/cm²),6.977
PPFD(umol/㎡/s),303.328
PPFD-UV(umol/㎡/s),0.322
PPFD-B(umol/㎡/s),64.351
PPFD-G(umol/㎡/s),111.324
PPFD-R(umol/㎡/s),127.653
PPFD-FR(umol/㎡/s),26.792
PPFD-IR(umol/㎡/s),3.734
Kppfv(umol/s/klm),16.978
Erb Ratio,1.402
YPFD(umol/m²/s),266.384
Ech-A(mW/cm²),0.136
Ech-B(mW/cm²),0.064
DLI(mol/m²d),0.000
CLI(mol/m²),0.000
E(lx),17865.9
Candle E(fc),1660.40
CCT(K),4418
Duv,-0.01153
x,0.3587
y,0.3395
u,0.2257
v,0.3205
u’,0.2257
v’,0.4807
SDCM,13.40
Ra,93.9
R1,96
R2,96
R3,91
R4,90
R5,96
R6,95
R7,93
R8,94
R9,94
R10,92
R11,89
R12,92
R13,96
R14,94
R15,94
Ee(mW/cm²),6.977
S/P,1.9
Dominant(nm),594.5
Purity(%),9.5
Half width(nm),30.3
Peak(nm),444.7
Center(nm),445.4
Centroid(nm),572.9
R ratio(%),41.0
G ratio(%),37.2
B ratio(%),21.8
Integrat.Time(ms),12
Peak Signal,52408
Dark Signal,2370
Compensate level,2650
StartTestWave,350
EndTestWave,800
350,1.2429742813110352
351,1.285886287689209
352,1.3587979078292847
353,1.435136318206787
354,1.4221081733703613
355,1.4234800338745117
356,1.3361700773239136
357,1.2996000051498413
358,1.3055427074432373
359,1.2692019939422607
360,1.308742642402649
361,1.3778823614120483
362,1.3466838598251343
363,1.3174268007278442
364,1.3878248929977417
365,1.3459982872009277
366,1.3199418783187866
367,1.3231419324874878
368,1.4401651620864868
369,1.565645694732666
370,1.608157753944397
371,1.57044517993927
372,1.5421037673950195
373,1.4927340745925903
374,1.3331995010375977
375,1.2934285402297974
376,1.4822202920913696
377,1.624899983406067
378,1.5805010795593262
379,1.6783264875411987
380,1.7544364929199219
381,1.734094500541687
382,1.6883833408355713
383,1.7519229650497437
384,1.6927249431610107
385,1.6374132633209229
386,1.6563849449157715
387,1.726552963256836
388,1.8371765613555908
389,1.956714153289795
390,2.0369389057159424
391,2.139106035232544
392,2.387094736099243
393,2.629598617553711
394,2.936556816101074
395,3.432363510131836
396,3.979482412338257
397,4.474774360656738
398,5.138516902923584
399,5.807287693023682
400,6.430266857147217
401,7.236313819885254
402,8.287651062011719
403,9.524920463562012
404,10.960565567016602
405,12.503792762756348
406,14.300305366516113
407,16.159202575683594
408,18.263931274414062
409,20.754718780517578
410,23.626352310180664
411,26.788715362548828
412,30.322717666625977
413,34.228759765625
414,39.236671447753906
415,44.60879898071289
416,49.78871154785156
417,55.43543243408203
418,61.42814254760742
419,67.85432434082031
420,75.04444885253906
421,82.66791534423828
422,90.9303207397461
423,100.01142883300781
424,109.86365509033203
425,120.37898254394531
426,131.67071533203125
427,143.8824005126953
428,157.0655975341797
429,170.88294982910156
430,184.85372924804688
431,199.85511779785156
432,215.78536987304688
433,231.50721740722656
434,247.42127990722656
435,264.47589111328125
436,283.7059631347656
437,302.9252624511719
438,321.0182800292969
439,338.52593994140625
440,353.9115295410156
441,367.9473571777344
442,379.117919921875
443,385.92523193359375
444,388.9141540527344
445,388.5549621582031
446,383.2323303222656
447,374.2565612792969
448,362.58154296875
449,349.6578369140625
450,335.1175231933594
451,320.5141296386719
452,305.5946960449219
453,290.666259765625
454,275.85369873046875
455,261.5717468261719
456,247.5429229736328
457,234.341552734375
458,222.19488525390625
459,210.54324340820312
460,199.5169219970703
461,189.73150634765625
462,180.45567321777344
463,170.16299438476562
464,161.385986328125
465,154.92318725585938
466,148.7335205078125
467,143.5214385986328
468,138.74722290039062
469,134.30577087402344
470,130.65557861328125
471,127.8772201538086
472,125.74267578125
473,124.2454833984375
474,123.24844360351562
475,122.8164291381836
476,122.77597045898438
477,123.10028076171875
478,123.84770965576172
479,125.14216613769531
480,126.96604919433594
481,129.11997985839844
482,131.4774169921875
483,134.26382446289062
484,137.16383361816406
485,139.8665771484375
486,142.60293579101562
487,145.6771697998047
488,148.58316040039062
489,151.7200469970703
490,155.0691680908203
491,158.49493408203125
492,161.7564697265625
493,165.17697143554688
494,168.4335479736328
495,171.6166229248047
496,174.9867401123047
497,178.27835083007812
498,181.61865234375
499,184.97962951660156
500,188.18185424804688
501,190.71482849121094
502,192.90150451660156
503,194.94024658203125
504,196.9427032470703
505,199.06057739257812
506,201.56124877929688
507,204.26292419433594
508,206.55520629882812
509,208.65675354003906
510,210.3984375
511,211.95135498046875
512,213.54415893554688
513,215.28892517089844
514,217.0063018798828
515,219.00819396972656
516,221.0167236328125
517,222.83358764648438
518,224.1854705810547
519,225.11846923828125
520,225.70327758789062
521,226.1342010498047
522,226.35609436035156
523,226.92564392089844
524,227.6408233642578
525,228.358642578125
526,229.2106170654297
527,230.26736450195312
528,231.4202117919922
529,232.75680541992188
530,234.0079803466797
531,235.02833557128906
532,236.13027954101562
533,236.6896514892578
534,237.35433959960938
535,238.1964874267578
536,239.1356964111328
537,239.734375
538,240.5130157470703
539,240.9466552734375
540,241.19921875
541,241.1948699951172
542,241.47830200195312
543,242.08216857910156
544,242.75892639160156
545,243.5067901611328
546,244.2500762939453
547,244.79171752929688
548,245.48829650878906
549,246.08348083496094
550,246.31695556640625
551,246.84750366210938
552,247.10287475585938
553,246.8268280029297
554,246.5954132080078
555,247.0026397705078
556,247.37445068359375
557,248.00572204589844
558,248.58836364746094
559,249.03758239746094
560,248.78086853027344
561,248.6814422607422
562,248.6449737548828
563,248.6699676513672
564,249.0067596435547
565,249.71807861328125
566,249.99916076660156
567,250.07467651367188
568,250.40863037109375
569,250.58505249023438
570,250.80502319335938
571,251.33509826660156
572,252.0020751953125
573,252.2734832763672
574,252.5067901611328
575,253.1641845703125
576,253.669189453125
577,253.7723388671875
578,254.0775909423828
579,254.86715698242188
580,255.54388427734375
581,256.2081298828125
582,256.9810791015625
583,257.68853759765625
584,258.27069091796875
585,258.9401550292969
586,259.67254638671875
587,260.47857666015625
588,261.3215026855469
589,261.8792724609375
590,262.20904541015625
591,262.515625
592,263.1419372558594
593,263.89764404296875
594,265.0335388183594
595,266.76873779296875
596,268.592529296875
597,270.0857849121094
598,271.4703674316406
599,272.75677490234375
600,273.823974609375
601,275.070068359375
602,276.2527160644531
603,277.3237609863281
604,278.81573486328125
605,280.23504638671875
606,281.22674560546875
607,282.1933898925781
608,283.4856262207031
609,284.08184814453125
610,284.5414123535156
611,285.12005615234375
612,285.9303894042969
613,286.7560729980469
614,287.82940673828125
615,288.89447021484375
616,289.9583740234375
617,291.2236022949219
618,292.03070068359375
619,292.5107727050781
620,292.68994140625
621,292.7395324707031
622,292.9641418457031
623,293.1043395996094
624,293.26336669921875
625,293.45623779296875
626,293.7720642089844
627,293.5845031738281
628,293.2291259765625
629,293.0113525390625
630,292.83935546875
631,292.38116455078125
632,291.77197265625
633,291.4508972167969
634,291.11737060546875
635,290.4609375
636,289.8511047363281
637,289.0789794921875
638,287.49853515625
639,285.725830078125
640,283.8035583496094
641,281.9391784667969
642,280.4723205566406
643,278.9423522949219
644,277.200439453125
645,275.7190246582031
646,274.2471923828125
647,272.159912109375
648,269.86322021484375
649,267.6628112792969
650,265.48681640625
651,262.8791809082031
652,260.04925537109375
653,257.4266357421875
654,255.16552734375
655,252.58056640625
656,249.22218322753906
657,246.06349182128906
658,242.96270751953125
659,239.86614990234375
660,236.61660766601562
661,233.90834045410156
662,231.23231506347656
663,228.3935089111328
664,225.43548583984375
665,222.4978790283203
666,219.0068359375
667,215.72767639160156
668,212.45205688476562
669,209.2270965576172
670,206.64793395996094
671,204.13551330566406
672,200.88644409179688
673,197.36859130859375
674,193.81480407714844
675,190.1924285888672
676,186.4198760986328
677,182.83921813964844
678,179.65504455566406
679,176.5976104736328
680,173.4607696533203
681,170.77735900878906
682,167.97288513183594
683,164.8325653076172
684,162.36407470703125
685,159.91033935546875
686,156.69451904296875
687,153.23377990722656
688,150.0299835205078
689,147.0817108154297
690,144.10525512695312
691,140.98597717285156
692,138.11550903320312
693,134.96861267089844
694,131.6326141357422
695,128.33938598632812
696,125.89469146728516
697,123.41322326660156
698,120.47223663330078
699,117.80616760253906
700,115.3519058227539
701,112.81498718261719
702,110.3155517578125
703,107.9356918334961
704,105.56368255615234
705,103.04645538330078
706,100.60497283935547
707,98.43340301513672
708,96.47784423828125
709,94.46434783935547
710,92.10735321044922
711,89.83956909179688
712,87.39885711669922
713,85.10002136230469
714,82.9693603515625
715,80.85660552978516
716,78.98075103759766
717,77.25911712646484
718,76.08457946777344
719,74.8721923828125
720,73.31953430175781
721,71.5870590209961
722,69.87964630126953
723,68.09910583496094
724,66.3747787475586
725,64.96355438232422
726,63.53227615356445
727,62.312225341796875
728,61.319129943847656
729,60.15538024902344
730,58.51213455200195
731,57.156986236572266
732,55.716896057128906
733,54.007991790771484
734,52.463661193847656
735,51.151023864746094
736,49.83902359008789
737,48.85489273071289
738,48.25939178466797
739,47.59572982788086
740,46.74152755737305
741,45.93349838256836
742,45.20807647705078
743,44.138912200927734
744,43.29787826538086
745,42.68887710571289
746,41.85313034057617
747,41.160369873046875
748,40.55916976928711
749,39.81266784667969
750,39.02547073364258
751,38.34889221191406
752,37.64762878417969
753,36.85531234741211
754,36.35516357421875
755,36.03208541870117
756,35.5567512512207
757,34.878509521484375
758,34.311866760253906
759,33.74625015258789
760,33.0758056640625
761,32.456809997558594
762,32.351505279541016
763,32.28287887573242
764,32.04606246948242
765,31.789569854736328
766,31.55669593811035
767,31.17838478088379
768,30.500656127929688
769,30.113229751586914
770,29.98647689819336
771,30.015531539916992
772,29.861719131469727
773,29.94683074951172
774,30.350475311279297
775,30.57820701599121
776,30.57486915588379
777,30.61016082763672
778,30.688308715820312
779,30.888805389404297
780,30.88949203491211
781,30.891408920288086
782,30.979394912719727
783,30.798643112182617
784,30.83717155456543
785,30.382461547851562
786,30.003009796142578
787,29.523601531982422
788,29.04530906677246
789,28.207490921020508
790,27.353975296020508
791,27.26247215270996
792,27.160917282104492
793,27.249197006225586
794,27.13456153869629
795,27.210676193237305
796,26.789945602416992
797,26.325416564941406
798,26.104703903198242
799,25.93355941772461
800,26.055801391601562