Types,HPCS330Pro
version,2. 0.8
Describe,
Test date,2026-06-21
Test time,00:40:14
E(lx),14978.3
Candle E(fc),1392.03
CCT(K),4476
Duv,-0.00612
CIE x,0.3591
CIE y,0.3502
CIE x10,0.3621
CIE y10,0.3511
CIE u,0.2215
CIE v,0.3240
CIE u',0.2215
CIE v',0.4861
SDCM,7.98
Ra,96.8
R1,97
R2,98
R3,93
R4,97
R5,98
R6,94
R7,98
R8,97
R9,92
R10,95
R11,95
R12,77
R13,98
R14,96
R15,95
Ee(mW/cm2),5.643
S/P,1.966
Dominant(nm),583.40
Purity(%),12.8
Half width(nm),27.4
Peak(nm),452.0
Center(nm),453.6
Centroid(nm),574.5
R ratio(%),41.7
G ratio(%),38.2
B ratio(%),20.1
Be(mW/cm2),0.955
Bek,0.638
RiskLevel,1
Ebi(mW/cm2),2.248
EML(lx),12543.3
Eeml(lx),11435.1
EML Ratio,0.837
EDI(lx),11368.9
Cqs,93.09
Rf,92
Rg,103
TLCI,100
SSI,56.00
Freq(Hz),0.00
FlickPercentage(%),0.0
FlickerIndex,0.000
DutyCycle(%),0.0
FlickCycle(ms),21.17
PAR(mW/cm2),5.643
PPFD(umol/m2/s),251.184
PPFD-UV(umol/m2/s),0.028
PPFD-B(umol/m2/s),49.690
PPFD-G(umol/m2/s),93.353
PPFD-R(umol/m2/s),108.142
PPFD-FR(umol/m2/s),19.799
PPFD-IR(umol/m2/s),0.000
Kppfv(umol/s/klm),16.770
Erb Ratio,1.556
YPFD(umol/m2/s),220.434
Ech-A(mW/cm2),0.098
Ech-B(mW/cm2),0.054
DLI(mol/m2d),0.000
CLI(mol/m2),0.000
Eb(mW/cm2),1.288
Eg(mW/cm2),2.038
Er(mW/cm2),2.027
Efr(mW/cm2),0.337
Eir(mW/cm2),0.001
Integral Time(ms),11.00
Peak Signal,57202
Dark Signal,2526
Compensate level,2680
Start wava(nm),380
End wava(nm),780
Wava(nm),[mW/m2/nm]
380,0.560150,
381,0.483401,
382,0.381418,
383,0.354057,
384,0.335497,
385,0.369343,
386,0.509154,
387,0.533945,
388,0.526624,
389,0.429085,
390,0.284119,
391,0.189120,
392,0.093698,
393,0.124977,
394,0.214482,
395,0.322747,
396,0.452777,
397,0.579269,
398,0.596610,
399,0.697550,
400,0.679161,
401,0.604852,
402,0.611027,
403,0.607019,
404,0.611875,
405,0.708355,
406,0.858190,
407,0.997670,
408,1.225275,
409,1.363704,
410,1.514275,
411,1.850828,
412,2.384253,
413,2.947954,
414,3.671155,
415,4.551762,
416,5.572114,
417,6.654158,
418,7.980715,
419,9.781613,
420,12.178024,
421,14.948779,
422,17.899950,
423,21.207603,
424,24.834982,
425,28.974176,
426,33.629158,
427,38.774288,
428,44.483097,
429,50.838196,
430,57.691814,
431,66.317017,
432,75.451202,
433,84.102509,
434,93.509621,
435,103.772758,
436,114.435997,
437,126.055359,
438,138.623474,
439,152.383270,
440,167.308640,
441,183.811401,
442,201.768616,
443,220.654099,
444,242.486816,
445,263.971375,
446,281.429352,
447,297.966644,
448,312.523956,
449,324.460571,
450,333.835205,
451,339.864288,
452,340.613434,
453,336.946320,
454,328.764099,
455,316.126587,
456,300.959747,
457,284.672668,
458,267.693573,
459,248.445541,
460,231.694092,
461,219.219788,
462,208.371140,
463,199.509430,
464,191.653336,
465,183.908173,
466,176.825562,
467,170.123947,
468,163.268906,
469,156.591263,
470,150.309113,
471,144.275894,
472,138.402115,
473,132.867065,
474,127.750290,
475,123.341446,
476,119.973717,
477,117.501129,
478,115.878273,
479,114.680496,
480,114.075867,
481,114.302628,
482,114.972046,
483,116.069603,
484,117.489151,
485,119.077866,
486,120.640778,
487,122.043259,
488,123.717354,
489,125.566528,
490,127.720375,
491,130.219849,
492,133.250122,
493,135.953613,
494,138.807678,
495,141.767548,
496,144.826736,
497,147.599899,
498,150.592590,
499,153.422440,
500,156.037201,
501,158.603012,
502,161.103561,
503,163.338303,
504,165.645050,
505,167.614426,
506,169.146774,
507,170.794693,
508,172.406525,
509,173.935410,
510,175.705231,
511,177.500595,
512,178.979202,
513,180.432877,
514,181.892700,
515,183.150085,
516,184.223404,
517,185.318207,
518,186.409454,
519,187.363571,
520,188.465500,
521,189.786972,
522,191.063217,
523,192.252670,
524,193.343597,
525,194.254639,
526,194.939590,
527,195.760666,
528,196.622345,
529,197.483490,
530,198.328537,
531,199.529861,
532,200.452209,
533,201.403900,
534,202.295349,
535,203.274063,
536,203.970505,
537,204.814728,
538,205.505798,
539,206.257660,
540,207.023788,
541,207.611023,
542,208.242294,
543,209.055267,
544,209.934586,
545,210.628220,
546,211.470993,
547,212.268173,
548,212.945755,
549,213.341949,
550,213.712311,
551,213.874588,
552,213.777481,
553,213.440720,
554,213.380310,
555,213.497620,
556,213.619263,
557,213.803818,
558,214.180771,
559,214.313950,
560,214.278778,
561,214.177139,
562,214.181564,
563,213.931870,
564,213.711929,
565,213.492508,
566,213.346512,
567,213.015915,
568,212.739502,
569,212.706192,
570,212.636795,
571,212.251251,
572,211.874680,
573,211.693527,
574,211.663834,
575,211.418335,
576,211.087265,
577,210.966141,
578,210.684143,
579,210.295135,
580,210.115738,
581,209.880371,
582,209.478348,
583,209.349854,
584,209.428421,
585,209.439743,
586,209.643234,
587,210.111130,
588,210.390396,
589,210.429886,
590,210.764175,
591,211.101807,
592,211.231873,
593,211.659592,
594,212.363434,
595,212.992783,
596,213.787598,
597,214.804901,
598,215.582581,
599,216.445541,
600,217.466248,
601,218.393585,
602,219.654938,
603,220.830414,
604,221.892365,
605,222.865723,
606,223.857010,
607,224.641983,
608,225.460403,
609,226.162918,
610,226.842316,
611,227.507935,
612,228.107697,
613,228.562088,
614,229.725235,
615,231.177231,
616,232.308350,
617,232.956650,
618,233.612701,
619,233.927155,
620,234.396637,
621,235.286453,
622,236.504929,
623,237.657715,
624,238.622910,
625,239.351822,
626,239.889618,
627,240.419800,
628,240.874710,
629,241.388504,
630,241.469070,
631,241.441620,
632,241.086365,
633,240.750504,
634,240.644562,
635,240.678619,
636,240.747971,
637,240.634521,
638,240.330551,
639,239.483704,
640,238.509811,
641,237.372635,
642,236.709259,
643,236.196320,
644,235.393417,
645,234.401291,
646,233.022583,
647,231.527054,
648,229.986954,
649,228.342590,
650,226.702179,
651,225.115433,
652,223.648041,
653,221.836502,
654,219.886703,
655,217.999756,
656,216.426224,
657,214.542603,
658,212.915222,
659,211.335281,
660,209.342316,
661,206.923492,
662,204.611862,
663,202.413452,
664,199.988602,
665,197.437317,
666,194.846634,
667,192.001068,
668,189.173752,
669,186.417908,
670,183.552307,
671,181.503250,
672,179.456223,
673,176.767014,
674,173.976563,
675,171.225830,
676,168.238693,
677,165.132172,
678,162.309570,
679,159.519333,
680,156.504578,
681,153.557770,
682,150.879517,
683,147.895081,
684,145.516022,
685,143.374863,
686,140.516769,
687,137.437912,
688,134.454971,
689,131.840607,
690,129.133682,
691,126.367653,
692,123.487381,
693,120.408646,
694,117.189125,
695,114.175354,
696,112.155922,
697,110.304962,
698,108.117889,
699,106.132965,
700,104.179008,
701,101.951523,
702,99.474365,
703,97.410088,
704,95.168587,
705,92.864006,
706,90.663307,
707,89.096573,
708,87.195862,
709,84.740555,
710,82.425911,
711,80.135468,
712,77.718132,
713,75.506905,
714,73.489471,
715,71.241730,
716,69.012283,
717,67.309837,
718,65.659821,
719,63.668713,
720,61.716263,
721,60.102512,
722,58.476315,
723,56.761093,
724,55.130009,
725,53.449677,
726,51.676983,
727,50.379105,
728,49.141506,
729,47.423580,
730,45.783836,
731,44.372196,
732,42.888195,
733,41.467480,
734,40.297646,
735,39.234612,
736,38.103405,
737,36.881680,
738,35.617149,
739,34.343243,
740,33.088505,
741,32.072105,
742,31.191172,
743,30.102577,
744,29.148165,
745,28.095118,
746,27.263498,
747,26.491508,
748,25.708838,
749,24.948982,
750,24.316837,
751,23.664785,
752,22.957338,
753,22.035995,
754,20.987373,
755,20.154551,
756,19.517979,
757,18.715000,
758,18.179474,
759,17.653885,
760,17.070829,
761,16.387398,
762,15.713740,
763,15.101281,
764,14.636681,
765,14.229608,
766,13.724550,
767,13.293072,
768,12.929429,
769,12.497375,
770,12.070615,
771,11.719756,
772,11.387403,
773,11.062983,
774,10.839685,
775,10.577155,
776,10.202307,
777,9.785850,
778,9.366811,
779,9.002204,
780,8.838823,
0,0,
1,0,
2,0,
3,0,
4,0,
5,0,
6,0,
7,0,
8,0,
9,0,
10,0,
11,0,
12,0,
13,0,
14,0,
15,0,
16,0,
17,0,
18,0,
19,0,
20,0,
21,0,
22,0,
23,0,
24,0,
25,0,
26,0,
27,0,
28,0,
29,0,
30,0,
31,0,
32,0,
33,0,
34,0,
35,0,
36,0,
37,0,
38,0,
39,0,
40,0,
41,0,
42,0,
43,0,
44,0,
45,0,
46,0,
47,0,
48,0,
49,0,
50,0,
51,0,
52,0,
53,0,
54,0,
55,0,
56,0,
57,0,
58,0,
59,0,
60,0,
61,0,
62,0,
63,0,
64,0,
65,0,
66,0,
67,0,
68,0,
69,0,
70,0,
71,0,
72,0,
73,0,
74,0,
75,0,
76,0,
77,0,
78,0,
79,0,
80,0,
81,0,
82,0,
83,0,
84,0,
85,0,
86,0,
87,0,
88,0,
89,0,
90,0,
91,0,
92,0,
93,0,
94,0,
95,0,
96,0,
97,0,
98,0,
99,0,
100,0,
101,0,
102,0,
103,0,
104,0,
105,0,
106,0,
107,0,
108,0,
109,0,
110,0,
111,0,
112,0,
113,0,
114,0,
115,0,
116,0,
117,0,
118,0,
119,0,
120,0,
121,0,
122,0,
123,0,
124,0,
125,0,
126,0,
127,0,
128,0,
129,0,
130,0,
131,0,
132,0,
133,0,
134,0,
135,0,
136,0,
137,0,
138,0,
139,0,
140,0,
141,0,
142,0,
143,0,
144,0,
145,0,
146,0,
147,0,
148,0,
149,0,
150,0,
151,0,
152,0,
153,0,
154,0,
155,0,
156,0,
157,0,
158,0,
159,0,
160,0,
161,0,
162,0,
163,0,
164,0,
165,0,
166,0,
167,0,
168,0,
169,0,
170,0,
171,0,
172,0,
173,0,
174,0,
175,0,
176,0,
177,0,
178,0,
179,0,
180,0,
181,0,
182,0,
183,0,
184,0,
185,0,
186,0,
187,0,
188,0,
189,0,
190,0,
191,0,
192,0,
193,0,
194,0,
195,0,
196,0,
197,0,
198,0,
199,0,
200,0,
201,0,
202,0,
203,0,
204,0,
205,0,
206,0,
207,0,
208,0,
209,0,
210,0,
211,0,
212,0,
213,0,
214,0,
215,0,
216,0,
217,0,
218,0,
219,0,
220,0,
221,0,
222,0,
223,0,
224,0,
225,0,
226,0,
227,0,
228,0,
229,0,
230,0,
231,0,
232,0,
233,0,
234,0,
235,0,
236,0,
237,0,
238,0,
239,0,
240,0,
241,0,
242,0,
243,0,
244,0,
245,0,
246,0,
247,0,
248,0,
249,0,
250,0,
251,0,
252,0,
253,0,
254,0,
255,0,
256,0,
257,0,
258,0,
259,0,
260,0,
261,0,
262,0,
263,0,
264,0,
265,0,
266,0,
267,0,
268,0,
269,0,
270,0,
271,0,
272,0,
273,0,
274,0,
275,0,
276,0,
277,0,
278,0,
279,0,
280,0,
281,0,
282,0,
283,0,
284,0,
285,0,
286,0,
287,0,
288,0,
289,0,
290,0,
291,0,
292,0,
293,0,
294,0,
295,0,
296,0,
297,0,
298,0,
299,0,
300,0,
301,0,
302,0,
303,0,
304,0,
305,0,
306,0,
307,0,
308,0,
309,0,
310,0,
311,0,
312,0,
313,0,
314,0,
315,0,
316,0,
317,0,
318,0,
319,0,
320,0,
321,0,
322,0,
323,0,
324,0,
325,0,
326,0,
327,0,
328,0,
329,0,
330,0,
331,0,
332,0,
333,0,
334,0,
335,0,
336,0,
337,0,
338,0,
339,0,
340,0,
341,0,
342,0,
343,0,
344,0,
345,0,
346,0,
347,0,
348,0,
349,0,
350,0,
351,0,
352,0,
353,0,
354,0,
355,0,
356,0,
357,0,
358,0,
359,0,
360,0,
361,0,
362,0,
363,0,
364,0,
365,0,
366,0,
367,0,
368,0,
369,0,
370,0,
371,0,
372,0,
373,0,
374,0,
375,0,
376,0,
377,0,
378,0,
379,0,
380,0,
381,0,
382,0,
383,0,
384,0,
385,0,
386,0,
387,0,
388,0,
389,0,
390,0,
391,0,
392,0,
393,0,
394,0,
395,0,
396,0,
397,0,
398,0,
399,0,
400,0,
