Model,HPCS-330P-330635249
Version,2.00.06
Mark
Test Date,2026/06/14 14:33
PAR(mW/cm²),28.840
PPFD(umol/㎡/s),1319.777
PPFD-UV(umol/㎡/s),0.695
PPFD-B(umol/㎡/s),130.467
PPFD-G(umol/㎡/s),469.227
PPFD-R(umol/㎡/s),720.083
PPFD-FR(umol/㎡/s),115.456
PPFD-IR(umol/㎡/s),4.584
Kppfv(umol/s/klm),16.846
Erb Ratio,3.951
YPFD(umol/m²/s),1194.430
Ech-A(mW/cm²),0.502
Ech-B(mW/cm²),0.209
DLI(mol/m²d),0.000
CLI(mol/m²),0.000
E(lx),78342.8
Candle E(fc),7280.93
CCT(K),2985
Duv,-0.00004
x,0.4379
y,0.4043
u,0.2511
v,0.3478
u’,0.2511
v’,0.5216
SDCM,1.79
Ra,96.4
R1,99
R2,97
R3,93
R4,95
R5,98
R6,97
R7,96
R8,95
R9,88
R10,92
R11,94
R12,91
R13,98
R14,95
R15,97
Ee(mW/cm²),28.840
S/P,1.4
Dominant(nm),582.9
Purity(%),52.8
Half width(nm),170.6
Peak(nm),635.0
Center(nm),604.1
Centroid(nm),597.5
R ratio(%),53.5
G ratio(%),36.7
B ratio(%),9.7
Integrat.Time(ms),3
Peak Signal,51933
Dark Signal,2735
Compensate level,2550
StartTestWave,350
EndTestWave,800
350,3.072063446044922
351,3.8453567028045654
352,4.094271183013916
353,4.3231940269470215
354,4.328098773956299
355,4.340175151824951
356,3.950958728790283
357,3.508568048477173
358,3.5285558700561523
359,2.940211772918701
360,1.9358820915222168
361,1.9370063543319702
362,1.5794786214828491
363,1.1208679676055908
364,1.1517971754074097
365,1.7152502536773682
366,2.013947010040283
367,1.8902463912963867
368,2.802553653717041
369,4.673560619354248
370,5.272467613220215
371,5.791417598724365
372,6.326961994171143
373,5.90305233001709
374,4.7686052322387695
375,4.408055782318115
376,4.062588214874268
377,3.715623140335083
378,3.450112819671631
379,3.1091697216033936
380,3.0080978870391846
381,3.4936676025390625
382,3.666297435760498
383,4.4855828285217285
384,5.0198798179626465
385,5.072574138641357
386,5.00328254699707
387,4.5432538986206055
388,4.0500946044921875
389,3.653456687927246
390,3.8434808254241943
391,4.984899044036865
392,5.387625217437744
393,6.1141228675842285
394,7.0393385887146
395,6.991179466247559
396,6.503660678863525
397,6.909925937652588
398,7.390666484832764
399,7.8367791175842285
400,8.916665077209473
401,10.291845321655273
402,11.130756378173828
403,11.584399223327637
404,12.44174575805664
405,13.207929611206055
406,14.196099281311035
407,16.708600997924805
408,18.97760772705078
409,20.463069915771484
410,22.21544647216797
411,24.997207641601562
412,27.99419593811035
413,32.09129333496094
414,38.26716613769531
415,45.63774871826172
416,52.377967834472656
417,60.056480407714844
418,69.32108306884766
419,79.4451904296875
420,92.14389038085938
421,106.81195831298828
422,120.35498046875
423,134.291259765625
424,149.28720092773438
425,165.9127960205078
426,183.70037841796875
427,203.0701904296875
428,226.0597686767578
429,249.34120178222656
430,269.9725036621094
431,291.3387756347656
432,313.79302978515625
433,337.3088684082031
434,360.9543151855469
435,386.73992919921875
436,416.71734619140625
437,447.0531311035156
438,475.5684814453125
439,505.39739990234375
440,534.272216796875
441,563.154296875
442,591.4190063476562
443,616.9468383789062
444,640.0098876953125
445,659.0598754882812
446,668.6181030273438
447,671.5906982421875
448,667.9320678710938
449,655.6490478515625
450,637.7429809570312
451,616.3687744140625
452,590.6852416992188
453,562.0833740234375
454,535.398681640625
455,503.8727722167969
456,473.49072265625
457,451.27642822265625
458,430.9299011230469
459,411.56146240234375
460,395.7272644042969
461,382.50335693359375
462,370.6259765625
463,360.1832580566406
464,351.34576416015625
465,342.2895812988281
466,333.4277648925781
467,326.17095947265625
468,317.2361755371094
469,309.03271484375
470,304.1587219238281
471,299.9173278808594
472,296.52423095703125
473,295.3925476074219
474,295.7068176269531
475,296.99542236328125
476,299.3304443359375
477,303.4832458496094
478,309.02813720703125
479,316.3911437988281
480,325.55963134765625
481,336.2836608886719
482,347.37884521484375
483,358.86468505859375
484,372.3387145996094
485,387.0747375488281
486,401.37713623046875
487,415.9789733886719
488,431.7090759277344
489,447.4278869628906
490,463.2415466308594
491,478.2484130859375
492,493.70458984375
493,509.37628173828125
494,525.1537475585938
495,541.7235107421875
496,559.119873046875
497,575.8976440429688
498,592.3904418945312
499,608.7034912109375
500,623.9585571289062
501,639.4720458984375
502,655.55029296875
503,671.426025390625
504,685.897705078125
505,699.8013916015625
506,713.0593872070312
507,724.8638305664062
508,733.740966796875
509,743.3026123046875
510,752.6121826171875
511,760.1212768554688
512,768.2310791015625
513,777.6874389648438
514,786.4950561523438
515,794.9783935546875
516,803.886962890625
517,812.7449340820312
518,821.2063598632812
519,829.9100952148438
520,838.3992309570312
521,846.9093017578125
522,854.9307250976562
523,861.9826049804688
524,868.9390869140625
525,875.6730346679688
526,881.9273071289062
527,888.904296875
528,896.0562133789062
529,902.9189453125
530,910.1549072265625
531,917.268798828125
532,923.3046264648438
533,929.259765625
534,934.567138671875
535,938.603271484375
536,943.0120849609375
537,947.9712524414062
538,953.0729370117188
539,958.2088623046875
540,965.7024536132812
541,972.7850341796875
542,980.1721801757812
543,988.1030883789062
544,996.2362060546875
545,1003.9174194335938
546,1011.0637817382812
547,1018.9232788085938
548,1027.7440185546875
549,1035.2767333984375
550,1041.4521484375
551,1047.6483154296875
552,1051.41259765625
553,1053.6405029296875
554,1055.86083984375
555,1058.6363525390625
556,1062.3035888671875
557,1065.8487548828125
558,1068.1197509765625
559,1070.7430419921875
560,1072.65869140625
561,1073.4537353515625
562,1074.6490478515625
563,1077.27734375
564,1080.08984375
565,1082.5430908203125
566,1086.584228515625
567,1090.671142578125
568,1093.5887451171875
569,1096.8028564453125
570,1100.7608642578125
571,1105.85888671875
572,1111.76416015625
573,1118.7666015625
574,1125.5113525390625
575,1131.9036865234375
576,1137.1356201171875
577,1142.8172607421875
578,1147.9879150390625
579,1152.9219970703125
580,1159.73974609375
581,1166.82666015625
582,1174.2542724609375
583,1181.5511474609375
584,1189.358642578125
585,1196.890869140625
586,1204.8079833984375
587,1211.564208984375
588,1219.1800537109375
589,1227.101806640625
590,1235.486572265625
591,1244.39990234375
592,1254.31787109375
593,1264.9725341796875
594,1276.296875
595,1287.54052734375
596,1299.6385498046875
597,1313.07373046875
598,1326.2462158203125
599,1340.1392822265625
600,1354.188720703125
601,1368.9019775390625
602,1383.9481201171875
603,1398.5296630859375
604,1413.4107666015625
605,1426.7774658203125
606,1438.9842529296875
607,1451.128173828125
608,1464.6116943359375
609,1479.3890380859375
610,1494.562255859375
611,1509.1588134765625
612,1523.906494140625
613,1538.127685546875
614,1549.22314453125
615,1560.0404052734375
616,1571.2813720703125
617,1580.6884765625
618,1587.292236328125
619,1593.9327392578125
620,1600.1282958984375
621,1604.109619140625
622,1607.2342529296875
623,1612.04833984375
624,1618.509521484375
625,1622.0638427734375
626,1625.3359375
627,1629.6739501953125
628,1633.9736328125
629,1636.21533203125
630,1640.6983642578125
631,1645.85791015625
632,1651.1170654296875
633,1654.6968994140625
634,1658.020751953125
635,1659.7685546875
636,1659.5074462890625
637,1657.7138671875
638,1656.306396484375
639,1654.5452880859375
640,1651.0709228515625
641,1646.70458984375
642,1641.995849609375
643,1637.740966796875
644,1631.71240234375
645,1622.0360107421875
646,1611.193603515625
647,1599.016357421875
648,1586.8837890625
649,1573.7568359375
650,1560.3275146484375
651,1545.5625
652,1529.28759765625
653,1512.3565673828125
654,1495.5213623046875
655,1478.745849609375
656,1462.0115966796875
657,1445.4471435546875
658,1428.3336181640625
659,1410.2054443359375
660,1391.4898681640625
661,1373.3265380859375
662,1359.92041015625
663,1346.867919921875
664,1329.32421875
665,1311.7039794921875
666,1292.2193603515625
667,1272.3673095703125
668,1252.1107177734375
669,1233.4005126953125
670,1214.3782958984375
671,1195.4757080078125
672,1175.114990234375
673,1153.68896484375
674,1131.970703125
675,1111.2755126953125
676,1091.12939453125
677,1070.4322509765625
678,1049.49755859375
679,1028.42138671875
680,1010.8480834960938
681,993.180908203125
682,972.3657836914062
683,952.956298828125
684,932.4700317382812
685,912.09130859375
686,892.19677734375
687,872.0069580078125
688,850.9632568359375
689,830.7703247070312
690,810.569580078125
691,789.2152709960938
692,768.4841918945312
693,749.5560302734375
694,730.125
695,709.923828125
696,691.5326538085938
697,673.4043579101562
698,655.5706176757812
699,641.6231079101562
700,628.783447265625
701,613.1493530273438
702,598.1067504882812
703,582.482666015625
704,566.824462890625
705,552.1102294921875
706,537.3633422851562
707,523.255615234375
708,509.9383239746094
709,497.026123046875
710,484.4958190917969
711,471.8031005859375
712,459.0264892578125
713,445.798583984375
714,432.6567077636719
715,420.39422607421875
716,408.6883544921875
717,396.5649719238281
718,386.6994934082031
719,377.2016296386719
720,365.9326477050781
721,354.1325988769531
722,342.77490234375
723,332.55718994140625
724,323.1441955566406
725,312.81829833984375
726,303.5811462402344
727,294.8052062988281
728,285.8309020996094
729,276.8169860839844
730,268.5462341308594
731,259.7780456542969
732,250.5426483154297
733,241.8463592529297
734,233.04249572753906
735,225.13490295410156
736,217.5951690673828
737,210.6944580078125
738,204.9693603515625
739,199.9046173095703
740,193.35198974609375
741,186.52532958984375
742,180.91900634765625
743,175.15274047851562
744,169.1159210205078
745,162.3848114013672
746,156.8148651123047
747,150.8856658935547
748,145.400634765625
749,139.3505096435547
750,134.65869140625
751,129.41798400878906
752,124.07640075683594
753,119.03729248046875
754,115.65076446533203
755,112.96187591552734
756,109.84510040283203
757,106.76687622070312
758,103.74068450927734
759,99.64112854003906
760,94.9952392578125
761,92.58238220214844
762,89.73052978515625
763,87.11682891845703
764,84.99280548095703
765,83.06700897216797
766,79.70903015136719
767,75.53924560546875
768,72.40241241455078
769,69.22795104980469
770,67.24011993408203
771,64.86552429199219
772,62.28578567504883
773,60.9663200378418
774,59.443180084228516
775,56.916297912597656
776,55.19615173339844
777,54.597801208496094
778,52.47316360473633
779,51.11627960205078
780,49.315921783447266
781,47.047752380371094
782,45.02606964111328
783,44.47779083251953
784,43.65374755859375
785,41.76578903198242
786,40.062171936035156
787,38.39368438720703
788,35.163978576660156
789,32.126888275146484
790,31.901748657226562
791,31.05560874938965
792,29.149343490600586
793,27.978759765625
794,27.305736541748047
795,26.0925235748291
796,26.54133415222168
797,29.05532455444336
798,31.54010772705078
799,33.332977294921875
800,32.76813507080078