Model	HPCS330Pro-330626183
Version	2.00.08
Mark	
Test Date	2026/07/04 23:10
E(lx)	134203.33
Candle E(fc)	12472.43
CCT(K)	3993
Duv	-0.00479
x	0.3775
y	0.3649
x10	0.3799
y10	0.3657
u	0.2279
v	0.3305
u’	0.2279
v’	0.4958
SDCM	6.06
Ra	95.4
R1	95
R2	98
R3	97
R4	92
R5	95
R6	96
R7	97
R8	94
R9	87
R10	96
R11	89
R12	94
R13	95
R14	98
R15	94
Ee(mW/cm²)	51.409
S/P	1.879
Dominant(nm)	582.2
Purity(%)	22.8
Half width(nm)	24.4
Peak(nm)	444.8
Center(nm)	447.9
Centroid(nm)	580.7
R ratio(%)	45.2
G ratio(%)	37.8
B ratio(%)	17
Be(mW/cm²)	7.468
Bek	0.557
BRg	1
Ebi(mW/cm²)	18.925
EML(lx)	105398.8
Eeml(lx)	96168.9
EML Ratio	0.785
eml-EDI(lx)	95539.2
CQS	94.27
TM-30 Rf	94.91
TM-30 Rg	104.52
TLCI-2012	100
SSI	66
Freq(Hz)	1000
FlickPercentage(%)	34.4
FlickerIndex	0.095
DutyCycle(%)	0
FlickCycle(ms)	1
PAR(mW/cm²)	51.409
PPFD(umol/㎡/s)	2294.532
PPFD-UV(umol/㎡/s)	1.808
PPFD-B(umol/㎡/s)	398.839
PPFD-G(umol/㎡/s)	828.762
PPFD-R(umol/㎡/s)	1066.931
PPFD-FR(umol/㎡/s)	199.511
PPFD-IR(umol/㎡/s)	0
Kppfv(umol/s/klm)	17.097
Erb Ratio	1.912
YPFD(umol/m²/s)	2027.436
Ech-A(mW/cm²)	0.916
Ech-B(mW/cm²)	0.439
DLI(mol/m²d)	0
CLI(mol/m²)	0
Eb(mW/cm²)	10.339
Eg(mW/cm²)	18.123
Er(mW/cm²)	19.974
Efr(mW/cm²)	3.394
Eir(mW/cm²)	0.013
Integrat.Time(ms)	1
Peak Signal	39849
Dark Signal	3234
Compensate level	2680
StartTestWave	380
EndTestWave	780
380	35.41056824
381	33.08924866
382	30.88491631
383	28.33473778
384	27.93815613
385	27.93729782
386	27.20461845
387	27.68881416
388	27.90847588
389	27.23059082
390	26.60768509
391	25.58176804
392	22.64092255
393	21.72993088
394	21.62176323
395	21.67294312
396	22.49287605
397	24.06927299
398	24.37800026
399	24.98506737
400	26.1568718
401	26.06900215
402	26.85700989
403	28.26558495
404	28.68987465
405	29.13140488
406	30.42913818
407	32.14566803
408	34.40729523
409	38.2919693
410	43.57503891
411	47.46063614
412	51.47475815
413	56.77375412
414	63.36903763
415	71.3733139
416	81.50429535
417	93.80196381
418	107.2120285
419	123.205368
420	145.8808289
421	172.8323364
422	199.3959961
423	230.641861
424	265.596405
425	306.2138672
426	354.929718
427	413.2393188
428	478.4046936
429	548.8756104
430	626.3294067
431	724.3540039
432	827.8841553
433	928.7879028
434	1045.436768
435	1174.743286
436	1312.675415
437	1461.245728
438	1623.765625
439	1795.357544
440	1965.458862
441	2132.332764
442	2287.201904
443	2413.024658
444	2497.07251
445	2519.469238
446	2490.776855
447	2425.270996
448	2328.207275
449	2212.929443
450	2091.865234
451	1970.316406
452	1851.754883
453	1743.970703
454	1646.789551
455	1560.262085
456	1487.626221
457	1423.345337
458	1363.972656
459	1300.833008
460	1243.385742
461	1195.443237
462	1149.099609
463	1103.713135
464	1056.229614
465	1009.085327
466	966.9606934
467	928.7668457
468	898.1187744
469	876.2843628
470	865.7142334
471	861.5544434
472	862.4926147
473	865.2722168
474	875.0214233
475	888.5686646
476	906.4852295
477	929.4020996
478	958.0496216
479	992.4315186
480	1027.359741
481	1060.753784
482	1095.89502
483	1132.115356
484	1169.005981
485	1203.107056
486	1236.561035
487	1271.670166
488	1307.005859
489	1339.162598
490	1374.882568
491	1411.44751
492	1448.467041
493	1480.663574
494	1511.748657
495	1537.462158
496	1559.134644
497	1575.816895
498	1593.823975
499	1611.184937
500	1625.795166
501	1639.352173
502	1652.114136
503	1658.72937
504	1664.610474
505	1670.272339
506	1675.247681
507	1679.664063
508	1688.406738
509	1694.893433
510	1699.180908
511	1703.261597
512	1702.168945
513	1701.644287
514	1704.052246
515	1701.950562
516	1698.219238
517	1699.610229
518	1699.335571
519	1699.101196
520	1699.662109
521	1703.906494
522	1707.459595
523	1708.354858
524	1709.026123
525	1709.001831
526	1707.736084
527	1705.975708
528	1707.26001
529	1707.934082
530	1710.322876
531	1716.964844
532	1724.247925
533	1729.068359
534	1732.043701
535	1737.897705
536	1738.765869
537	1740.871948
538	1744.53186
539	1748.486206
540	1750.085815
541	1752.027222
542	1754.463257
543	1755.457764
544	1759.431519
545	1763.911987
546	1768.390259
547	1773.905762
548	1780.788818
549	1785.636841
550	1787.656616
551	1790.319458
552	1790.47583
553	1789.17688
554	1791.518311
555	1796.097656
556	1798.389648
557	1803.102173
558	1809.983643
559	1811.482788
560	1814.092651
561	1818.633667
562	1819.716553
563	1818.885498
564	1822.119873
565	1825.059814
566	1827.436768
567	1831.850464
568	1836.150757
569	1840.122314
570	1842.277466
571	1842.221802
572	1842.131714
573	1841.517212
574	1842.327515
575	1845.877441
576	1852.686157
577	1857.029541
578	1863.12439
579	1868.118896
580	1871.182251
581	1872.902588
582	1876.812256
583	1882.086792
584	1890.991211
585	1898.212036
586	1905.706543
587	1914.528076
588	1922.089966
589	1926.481201
590	1933.661865
591	1939.831543
592	1947.634644
593	1957.861572
594	1970.674561
595	1985.172974
596	1999.305176
597	2013.006592
598	2025.23645
599	2037.664185
600	2048.181885
601	2062.635742
602	2078.683105
603	2090.703125
604	2101.163086
605	2114.134277
606	2128.607422
607	2141.137939
608	2154.232422
609	2166.900879
610	2177.959961
611	2191.137939
612	2202.750977
613	2214.024902
614	2231.274414
615	2252.468994
616	2263.757813
617	2270.783936
618	2278.751709
619	2284.621094
620	2289.645752
621	2300.051514
622	2314.212158
623	2327.305176
624	2337.773193
625	2346.197998
626	2354.042725
627	2361.022705
628	2366.019531
629	2373.649658
630	2374.393799
631	2373.939453
632	2372.719238
633	2374.452148
634	2374.436768
635	2375.236328
636	2373.995117
637	2371.718262
638	2367.7146
639	2360.907227
640	2357.736816
641	2353.253662
642	2346.932129
643	2339.108643
644	2330.122314
645	2319.601074
646	2307.318359
647	2297.459961
648	2285.361816
649	2270.493652
650	2252.33374
651	2231.863037
652	2214.3479
653	2194.721191
654	2175.638184
655	2157.612305
656	2145.350098
657	2131.401123
658	2119.907227
659	2104.706299
660	2084.34375
661	2058.053223
662	2028.356934
663	2001.84021
664	1976.741699
665	1955.015503
666	1932.304199
667	1905.044312
668	1878.915894
669	1855.319824
670	1821.11853
671	1796.37085
672	1778.953125
673	1755.810181
674	1727.56311
675	1705.105957
676	1681.556641
677	1651.702393
678	1625.452881
679	1598.699829
680	1567.724854
681	1538.545288
682	1511.526367
683	1481.735596
684	1456.532959
685	1433.814087
686	1406.581665
687	1375.671875
688	1348.952271
689	1327.723999
690	1304.984863
691	1285.229492
692	1261.751831
693	1232.107788
694	1198.402344
695	1167.779175
696	1143.317749
697	1125.762451
698	1107.383057
699	1090.442383
700	1073.959473
701	1055.560181
702	1034.077515
703	1008.67334
704	980.8820801
705	955.241333
706	931.8689575
707	912.9771729
708	892.2281494
709	872.1295776
710	846.6010132
711	818.0029297
712	784.4424438
713	755.6971436
714	725.8170776
715	697.5614624
716	671.8239136
717	653.6237793
718	635.3202515
719	614.3016968
720	595.5736694
721	577.0783081
722	557.1342163
723	537.954834
724	520.6893921
725	503.3629761
726	486.3430481
727	473.2961121
728	460.3447571
729	446.1543884
730	431.9934387
731	418.2264709
732	405.9883118
733	394.5879822
734	381.6872864
735	368.6127319
736	357.9596252
737	348.2388306
738	336.5840149
739	326.1819153
740	316.7716064
741	307.2640076
742	298.0915222
743	287.6033936
744	277.6483765
745	268.6467896
746	263.8858337
747	259.2623596
748	254.9297333
749	250.6660767
750	245.4232178
751	239.1438599
752	232.1759033
753	224.587204
754	217.3831024
755	211.9251556
756	206.0374908
757	196.902832
758	190.3963013
759	183.6196442
760	178.0243835
761	175.5937347
762	174.5671082
763	172.0358276
764	170.2610474
765	168.8569489
766	164.0731354
767	158.8570709
768	154.3852234
769	152.2899017
770	148.9239197
771	144.7562103
772	141.3384857
773	138.8685303
774	135.3424377
775	132.8927917
776	133.2840424
777	133.9226074
778	131.8308716
779	128.2372894
780	125.2378235