Model,HPCS-310P-312945328
Version,2.00.08
Mark
Test Date,2026/07/02 21:38
PAR(mW/cm²),2.275
PPFD(umol/㎡/s),101.811
PPFD-UV(umol/㎡/s),0.007
PPFD-B(umol/㎡/s),21.461
PPFD-G(umol/㎡/s),42.138
PPFD-R(umol/㎡/s),38.212
PPFD-FR(umol/㎡/s),5.557
PPFD-IR(umol/㎡/s),0.188
Kppfv(umol/s/klm),15.520
Erb Ratio,1.281
YPFD(umol/m²/s),88.536
Ech-A(mW/cm²),0.037
Ech-B(mW/cm²),0.022
DLI(mol/m²d),0.000
CLI(mol/m²),0.000
E(lx),6559.9
Candle E(fc),609.65
CCT(K),4950
Duv,0.00278
x,0.3471
y,0.3588
u,0.2100
v,0.3256
u’,0.2100
v’,0.4884
SDCM,0.89
Ra,92.4
R1,92
R2,94
R3,94
R4,92
R5,91
R6,90
R7,97
R8,91
R9,73
R10,84
R11,91
R12,64
R13,93
R14,96
R15,91
Ee(mW/cm²),2.275
S/P,2.0
Dominant(nm),570.8
Purity(%),11.8
Half width(nm),23.2
Peak(nm),450.8
Center(nm),453.6
Centroid(nm),565.5
R ratio(%),35.7
G ratio(%),43.0
B ratio(%),21.3
Integrat.Time(ms),16
Peak Signal,51003
Dark Signal,2488
Compensate level,2640
StartTestWave,350
EndTestWave,800
350,0
351,0
352,0
353,0
354,0
355,0
356,0
357,0.004783272743225098
358,0.05825532227754593
359,0.09750150889158249
360,0.10302046686410904
361,0.09725584089756012
362,0.02943442016839981
363,0
364,0
365,0
366,0
367,0
368,0
369,0
370,0.004292369820177555
371,0.043783336877822876
372,0.09872765094041824
373,0.16262543201446533
374,0.13404931128025055
375,0.11675631999969482
376,0.11160565912723541
377,0.06282424181699753
378,0.04795309156179428
379,0.06733096390962601
380,0.07174594700336456
381,0.06331871449947357
382,0.03842972591519356
383,0
384,0
385,0.004058242775499821
386,0.054632384330034256
387,0.11486420035362244
388,0.10568791627883911
389,0.05225606635212898
390,0
391,0
392,0
393,0
394,0
395,0
396,0.01719527505338192
397,0.05978059396147728
398,0.10872624069452286
399,0.12098728120326996
400,0.15381371974945068
401,0.1715858429670334
402,0.16650134325027466
403,0.13543175160884857
404,0.14276517927646637
405,0.09679674357175827
406,0.08211740851402283
407,0.08503305912017822
408,0.1404794305562973
409,0.1993161290884018
410,0.2696921229362488
411,0.3122090995311737
412,0.36018872261047363
413,0.4474443793296814
414,0.6469404101371765
415,0.8840672373771667
416,1.1806892156600952
417,1.5086944103240967
418,1.8532073497772217
419,2.239415168762207
420,2.7485744953155518
421,3.3802096843719482
422,4.173913955688477
423,5.262494087219238
424,6.474172592163086
425,7.737890243530273
426,9.179776191711426
427,10.762553215026855
428,12.583907127380371
429,14.644646644592285
430,16.94338607788086
431,19.459299087524414
432,22.25507926940918
433,25.329715728759766
434,28.77092742919922
435,32.60786056518555
436,37.54187774658203
437,43.1091194152832
438,48.76140594482422
439,55.120330810546875
440,62.26883316040039
441,70.4669418334961
442,79.83013916015625
443,90.04434204101562
444,101.14603424072266
445,113.0880355834961
446,124.97989654541016
447,136.296142578125
448,146.53663635253906
449,154.63844299316406
450,160.44358825683594
451,162.66140747070312
452,161.60008239746094
453,157.8782958984375
454,151.84971618652344
455,143.96136474609375
456,135.02430725097656
457,125.90522766113281
458,117.38720703125
459,109.69815063476562
460,103.0374984741211
461,97.60549926757812
462,92.99275970458984
463,89.15780639648438
464,85.94029235839844
465,83.0760269165039
466,79.44136047363281
467,75.5615234375
468,72.13436126708984
469,68.48959350585938
470,64.89567565917969
471,61.545188903808594
472,58.51795196533203
473,55.875091552734375
474,53.76124572753906
475,52.05144119262695
476,50.74296188354492
477,49.843528747558594
478,49.282798767089844
479,49.09605407714844
480,49.27181625366211
481,49.652835845947266
482,50.156593322753906
483,50.859066009521484
484,51.62065505981445
485,52.32405090332031
486,53.17436981201172
487,54.131065368652344
488,55.01885986328125
489,56.02170181274414
490,57.27055740356445
491,58.597503662109375
492,59.94438552856445
493,61.509944915771484
494,63.223663330078125
495,64.81841278076172
496,66.35066223144531
497,67.98359680175781
498,69.49085235595703
499,70.83645629882812
500,72.18260955810547
501,73.59815216064453
502,74.96887969970703
503,76.2369155883789
504,77.42638397216797
505,78.49784088134766
506,79.30073547363281
507,80.05091857910156
508,80.89865112304688
509,81.6520767211914
510,82.46553039550781
511,83.35790252685547
512,84.1095962524414
513,84.7873764038086
514,85.50050354003906
515,86.1746597290039
516,86.72795104980469
517,87.29931640625
518,87.7569808959961
519,88.1221694946289
520,88.56448364257812
521,89.02473449707031
522,89.36348724365234
523,89.60374450683594
524,89.99173736572266
525,90.21292114257812
526,90.36231231689453
527,90.5768814086914
528,90.87191772460938
529,91.14743041992188
530,91.3709716796875
531,91.69485473632812
532,92.15513610839844
533,92.64704132080078
534,93.05008697509766
535,93.52560424804688
536,94.04326629638672
537,94.56790161132812
538,95.12225341796875
539,95.60258483886719
540,96.01696014404297
541,96.34274291992188
542,96.68114471435547
543,96.98698425292969
544,97.22374725341797
545,97.41423034667969
546,97.59278869628906
547,97.62345886230469
548,97.64024353027344
549,97.75704956054688
550,97.83573913574219
551,97.90826416015625
552,97.86128234863281
553,97.82029724121094
554,97.75780487060547
555,97.82710266113281
556,97.70623779296875
557,97.70516204833984
558,97.7191162109375
559,97.658447265625
560,97.61930847167969
561,97.69527435302734
562,97.75452423095703
563,97.6988525390625
564,97.61185455322266
565,97.38140106201172
566,97.1268539428711
567,96.79502868652344
568,96.39796447753906
569,96.04267120361328
570,95.69432830810547
571,95.38529205322266
572,95.04468536376953
573,94.62728118896484
574,94.1852798461914
575,93.77095031738281
576,93.24765014648438
577,92.69473266601562
578,92.25135040283203
579,91.83130645751953
580,91.4967041015625
581,91.24020385742188
582,91.037109375
583,90.85830688476562
584,90.679931640625
585,90.50682830810547
586,90.30674743652344
587,90.11319732666016
588,89.89513397216797
589,89.78851318359375
590,89.61771392822266
591,89.53929901123047
592,89.55779266357422
593,89.70453643798828
594,89.64830017089844
595,89.57736206054688
596,89.5614013671875
597,89.47050476074219
598,89.22344207763672
599,89.1712646484375
600,89.17753601074219
601,89.1346435546875
602,89.08979797363281
603,89.20652770996094
604,89.23554992675781
605,89.23462677001953
606,89.13203430175781
607,89.10958099365234
608,89.03044128417969
609,88.90431213378906
610,88.74191284179688
611,88.80427551269531
612,88.82716369628906
613,88.90731811523438
614,89.14575958251953
615,89.48847198486328
616,89.63917541503906
617,89.81214904785156
618,90.0124282836914
619,90.09400177001953
620,90.15279388427734
621,90.2752914428711
622,90.35372924804688
623,90.38055419921875
624,90.3913803100586
625,90.36622619628906
626,90.28953552246094
627,90.23681640625
628,90.07957458496094
629,89.86019897460938
630,89.49505615234375
631,89.14727020263672
632,88.79368591308594
633,88.55155944824219
634,88.30462646484375
635,87.96754455566406
636,87.56558990478516
637,87.10993194580078
638,86.64360046386719
639,86.0919189453125
640,85.55621337890625
641,85.03634643554688
642,84.43897247314453
643,83.67669677734375
644,83.05796813964844
645,82.38013458251953
646,81.59629821777344
647,80.85382080078125
648,80.3115005493164
649,79.63451385498047
650,79.00440979003906
651,78.40918731689453
652,77.81915283203125
653,77.06121063232422
654,76.2004623413086
655,75.16062927246094
656,74.15278625488281
657,73.09623718261719
658,72.0422134399414
659,71.0318374633789
660,70.25768280029297
661,69.51451110839844
662,68.5415267944336
663,67.49267578125
664,66.47461700439453
665,65.50564575195312
666,64.577880859375
667,63.5327262878418
668,62.410770416259766
669,61.256187438964844
670,60.17143630981445
671,58.97108840942383
672,57.78369140625
673,56.765586853027344
674,55.764427185058594
675,54.61787414550781
676,53.510929107666016
677,52.40015411376953
678,51.32747268676758
679,50.277339935302734
680,49.542022705078125
681,48.67539596557617
682,47.65827178955078
683,46.547298431396484
684,45.43290328979492
685,44.33363342285156
686,43.38011169433594
687,42.49263381958008
688,41.56696319580078
689,40.63003921508789
690,39.702232360839844
691,38.73753356933594
692,37.82024002075195
693,36.98434829711914
694,36.187801361083984
695,35.37981414794922
696,34.6927604675293
697,33.93429946899414
698,33.00968933105469
699,32.168216705322266
700,31.302772521972656
701,30.44432258605957
702,29.698793411254883
703,28.934310913085938
704,28.175382614135742
705,27.343717575073242
706,26.586313247680664
707,25.827356338500977
708,25.111270904541016
709,24.37071418762207
710,23.795583724975586
711,23.23459243774414
712,22.504133224487305
713,21.864913940429688
714,21.213558197021484
715,20.593095779418945
716,20.014991760253906
717,19.464305877685547
718,18.851808547973633
719,18.308204650878906
720,17.81876564025879
721,17.259552001953125
722,16.7299861907959
723,16.239091873168945
724,15.706212997436523
725,15.149663925170898
726,14.617244720458984
727,14.171363830566406
728,13.745651245117188
729,13.325037956237793
730,12.870023727416992
731,12.47436237335205
732,12.082745552062988
733,11.721320152282715
734,11.358169555664062
735,11.036826133728027
736,10.619951248168945
737,10.274287223815918
738,9.989768028259277
739,9.658343315124512
740,9.280596733093262
741,8.958410263061523
742,8.615487098693848
743,8.282096862792969
744,8.004081726074219
745,7.783234119415283
746,7.464495658874512
747,7.122564315795898
748,6.711938381195068
749,6.334178447723389
750,5.996613025665283
751,5.777829647064209
752,5.568231105804443
753,5.349706172943115
754,5.135401725769043
755,5.026237964630127
756,4.855161190032959
757,4.623892784118652
758,4.467154026031494
759,4.470194339752197
760,4.387248516082764
761,4.275881290435791
762,4.22661018371582
763,4.09266471862793
764,3.9124152660369873
765,3.715766429901123
766,3.5558371543884277
767,3.3955328464508057
768,3.2862765789031982
769,3.1800286769866943
770,2.9937169551849365
771,2.751323938369751
772,2.560991048812866
773,2.4861178398132324
774,2.439396619796753
775,2.3365869522094727
776,2.3070929050445557
777,2.2642674446105957
778,2.181063175201416
779,2.0948448181152344
780,2.0835535526275635
781,2.108788251876831
782,2.085289478302002
783,1.9123103618621826
784,1.7487987279891968
785,1.6561739444732666
786,1.5827409029006958
787,1.5083444118499756
788,1.5895854234695435
789,1.6331006288528442
790,1.5573022365570068
791,1.4673404693603516
792,1.3185487985610962
793,1.1784874200820923
794,1.052241563796997
795,0.9621461629867554
796,0.9353554844856262
797,0.9254884719848633
798,0.9746151566505432
799,1.0421581268310547
800,1.1878197193145752