340,0
341,0
342,0
343,0
344,0
345,0
346,0
347,0
348,0
349,0
350,0
351,0
352,0
353,0
354,0
355,0
356,0
357,0
358,0
359,0
360,0
361,0
362,0
363,0
364,0
365,0
366,0
367,0
368,0
369,0
370,0
371,0
372,0
373,0
374,0
375,0
376,0
377,0
378,0
379,0
380,0
381,0
382,0
383,0
384,0
385,0
386,0
387,0
388,0
389,0
390,0
391,0
392,0
393,0
394,0
395,0
396,0
397,0
398,0
399,3.000000106112566e-7
400,9.999999974752427e-7
401,0.0000021999999262334313
402,0.0000058999999055231456
403,0.000011000000085914508
404,0.000018400000044493936
405,0.0000304000004689442
406,0.00004640000042854808
407,0.00006640000356128439
408,0.00009110000246437266
409,0.0001201999984914437
410,0.00015310000162571669
411,0.00018930000078398734
412,0.00022739999985788018
413,0.0002651000104378909
414,0.00030270000570453703
415,0.0003391999925952405
416,0.0003699999942909926
417,0.00039679999463260174
418,0.00041879998752847314
419,0.0004351999959908426
420,0.0004459999909158796
421,0.00045319998753257096
422,0.0004566000134218484
423,0.0004592000041157007
424,0.0004616999940481037
425,0.0004650999908335507
426,0.00046969999675638974
427,0.00047709999489597976
428,0.0004861000052187592
429,0.0004969000001437962
430,0.0005084999720565975
431,0.0005216000135987997
432,0.0005348999984562397
433,0.0005483999848365784
434,0.0005629999795928597
435,0.0005779999773949385
436,0.0005936999805271626
437,0.000610699993558228
438,0.0006286000134423375
439,0.0006469999789260328
440,0.000665700004901737
441,0.0006843999726697803
442,0.0007017999887466431
443,0.0007174999918788671
444,0.0007317999843508005
445,0.0007430000114254653
446,0.0007518000202253461
447,0.0007584000122733414
448,0.0007627999875694513
449,0.0007661000126972795
450,0.0007679000264033675
451,0.0007671000203117728
452,0.0007647000020369887
453,0.0007607999723404646
454,0.0007560999947600067
455,0.0007504000095650554
456,0.0007440000190399587
457,0.000737000023946166
458,0.0007297000265680254
459,0.0007228999747894704
460,0.0007157999789342284
461,0.0007086999830789864
462,0.0007015999872237444
463,0.0006945999921299517
464,0.000687899999320507
465,0.0006815000087954104
466,0.0006758000236004591
467,0.0006703999824821949
468,0.0006658000056631863
469,0.0006622999790124595
470,0.0006593000143766403
471,0.0006569999968633056
472,0.0006549999816343188
473,0.0006536999717354774
474,0.0006532000261358917
475,0.0006529000238515437
476,0.0006535000284202397
477,0.0006548999808728695
478,0.0006576000014320016
479,0.0006608000257983804
480,0.0006645999965257943
481,0.0006688999710604548
482,0.000673700007610023
483,0.000679299992043525
484,0.0006853999802842736
485,0.0006918999715708196
486,0.0006991000263951719
487,0.0007069000275805593
488,0.0007150999736040831
489,0.0007236999808810651
490,0.0007326999912038445
491,0.0007412999984808266
492,0.0007496000034734607
493,0.0007579000084660947
494,0.0007658000104129314
495,0.0007739000138826668
496,0.0007820000173524022
497,0.0007897000177763402
498,0.0007975000189617276
499,0.0008052000193856657
500,0.0008128000190481544
501,0.000819500011857599
502,0.0008264000061899424
503,0.000833099998999387
504,0.0008399999933317304
505,0.000846399983856827
506,0.0008523000287823379
507,0.0008577000116929412
508,0.0008627999923191965
509,0.0008669000235386193
510,0.0008702999912202358
511,0.0008727000094950199
512,0.000874800025485456
513,0.0008766999817453325
514,0.0008787999977357686
515,0.0008805000106804073
516,0.0008817000198177993
517,0.0008823000243864954
518,0.0008824000251479447
519,0.000881900021340698
520,0.00088160001905635
521,0.000880400009918958
522,0.0008788999984972179
523,0.0008771999855525792
524,0.0008758999756537378
525,0.0008746000239625573
526,0.0008730000117793679
527,0.0008716000011190772
528,0.0008700999896973372
529,0.0008687999797984958
530,0.0008672000258229673
531,0.0008649000083096325
532,0.0008621999877505004
533,0.0008593000238761306
534,0.0008562000002712011
535,0.000852899975143373
536,0.0008499000105075538
537,0.0008473999914713204
538,0.0008452999754808843
539,0.0008432000176981091
540,0.0008411000017076731
541,0.000838999985717237
542,0.0008369000279344618
543,0.0008347000111825764
544,0.0008323999936692417
545,0.0008299999753944576
546,0.0008279000176116824
547,0.000826000003144145
548,0.000824799994006753
549,0.0008238999871537089
550,0.0008234999841079116
551,0.0008236999856308103
552,0.0008233999833464622
553,0.0008233999833464622
554,0.0008236999856308103
555,0.0008237999863922596
556,0.0008236999856308103
557,0.0008236999856308103
558,0.0008239999879151583
559,0.000824499991722405
560,0.0008248999947682023
561,0.000825099996291101
562,0.0008252999978139997
563,0.0008264000061899424
564,0.0008273000130429864
565,0.0008280000183731318
566,0.0008288000244647264
567,0.0008298999746330082
568,0.0008307999814860523
569,0.000831599987577647
570,0.0008322999929077923
571,0.000833099998999387
572,0.0008340000058524311
573,0.0008347000111825764
574,0.0008354000165127218
575,0.0008363000233657658
576,0.0008372999727725983
577,0.0008385999826714396
578,0.0008400999940931797
579,0.0008419000077992678
580,0.0008440000237897038
581,0.000846399983856827
582,0.0008487000013701618
583,0.0008513000211678445
584,0.0008540999842807651
585,0.0008567000040784478
586,0.0008595000253990293
587,0.0008627999923191965
588,0.0008659000159241259
589,0.0008691999828442931
590,0.0008728000102564692
591,0.0008768999832682312
592,0.000881000014487654
593,0.0008854999905452132
594,0.0008901000255718827
595,0.000894299999345094
596,0.0008984999731183052
597,0.0009025000035762787
598,0.0009064999758265913
599,0.0009105000062845647
600,0.000914699980057776
601,0.0009192000143229961
602,0.0009238999919034541
603,0.0009287999710068107
604,0.0009337000083178282
605,0.0009382999851368368
606,0.0009430000209249556
607,0.0009474999969825149
608,0.0009517999715171754
609,0.0009557000012136996
610,0.000959100027102977
611,0.0009621999925002456
612,0.0009654000168666244
613,0.0009687999845482409
614,0.000972100009676069
615,0.0009747999720275402
616,0.0009777999948710203
617,0.0009805000154301524
618,0.0009826000314205885
619,0.0009843000443652272
620,0.0009858000557869673
621,0.0009874999523162842
622,0.0009889999637380242
623,0.000990999978967011
624,0.0009928999934345484
625,0.000994600006379187
626,0.0009962000185623765
627,0.0009974000276997685
628,0.000998100033029914
629,0.0009978000307455659
630,0.0009969000238925219
631,0.0009960000170394778
632,0.0009949000086635351
633,0.0009934999980032444
634,0.000991599983535707
635,0.0009898999705910683
636,0.0009879999561235309
637,0.0009856000542640686
638,0.0009826000314205885
639,0.000979200005531311
640,0.0009752999758347869
641,0.000970599998254329
642,0.0009654000168666244
643,0.0009598999749869108
644,0.0009542999905534089
645,0.0009488000068813562
646,0.0009432000224478543
647,0.0009377999813295901
648,0.0009318999946117401
649,0.0009258000063709915
650,0.0009193000150844455
651,0.0009126000222750008
652,0.0009055000264197588
653,0.0008982999715954065
654,0.0008905999711714685
655,0.0008831999730318785
656,0.0008754999726079404
657,0.0008676000288687646
658,0.0008593000238761306
659,0.0008507000165991485
660,0.0008420000085607171
661,0.000833099998999387
662,0.000824199989438057
663,0.0008149999775923789
664,0.000805600022431463
665,0.0007960000075399876
666,0.0007861999911256135
667,0.00077629997394979
668,0.0007665000157430768
669,0.0007559999939985573
670,0.0007453000289388001
671,0.0007347000064328313
672,0.0007241999846883118
673,0.0007140000234358013
674,0.0007037000032141805
675,0.0006930999807082117
676,0.0006826000171713531
677,0.000671899993903935
678,0.0006612000288441777
679,0.0006501000025309622
680,0.0006388999754562974
681,0.0006281000096350908
682,0.0006176999886520207
683,0.0006072000251151621
684,0.000596800004132092
685,0.0005864999839104712
686,0.00057640002341941
687,0.0005661000031977892
688,0.0005556999822147191
689,0.0005452000186778605
690,0.0005348999984562397
691,0.0005246999789960682
692,0.0005144000169821084
693,0.0005046000005677342
694,0.0004949999856762588
695,0.00048519999836571515
696,0.00047530001029372215
697,0.00046529999235644937
698,0.00045540000428445637
699,0.00044520001392811537
700,0.00043509999522939324
701,0.00042490000487305224
702,0.0004147999861743301
703,0.00040520000038668513
704,0.0003955000138375908
705,0.00038660000427626073
706,0.00037779999547638
707,0.0003693999897222966
708,0.0003611999854911119
709,0.0003535000141710043
710,0.0003459000145085156
711,0.00033829998574219644
712,0.00033060001442208886
713,0.0003229999856557697
714,0.000315699988277629
715,0.00030899999546818435
716,0.00030220000189729035
717,0.000295600009849295
718,0.0002891999902203679
719,0.00028279999969527125
720,0.00027630000840872526
721,0.0002694999857340008
722,0.00026229998911730945
723,0.00025519999326206744
724,0.0002482999989297241
725,0.00024189999385271221
726,0.0002359000063734129
727,0.0002300000051036477
728,0.0002241000038338825
729,0.00021830000332556665
730,0.00021290000586304814
731,0.00020739999308716506
732,0.00020179999410174787
733,0.00019619999511633068
734,0.0001908999984152615
735,0.000185800003237091
736,0.00018059999274555594
737,0.00017519999528303742
738,0.00017020000086631626
739,0.0001655999949434772
740,0.0001610000035725534
741,0.00015629999688826501
742,0.00015199999324977398
743,0.00014800000644754618
744,0.0001441000058548525
745,0.00014010000450070947
746,0.00013600000238511711
747,0.00013179999950807542
748,0.00012759999663103372
749,0.00012339999375399202
750,0.00011980000272160396
751,0.00011629999789875001
752,0.00011280000035185367
753,0.0001097999993362464
754,0.00010720000136643648
755,0.00010489999840501696
756,0.00010240000119665638
757,0.00009960000170394778
758,0.0000973999995039776
759,0.00009529999806545675
760,0.0000929000016185455
761,0.0000903999971342273
762,0.0000881000014487654
763,0.00008589999924879521
764,0.00008289999823318794
765,0.00007979999645613134
766,0.00007660000119358301
767,0.00007309999637072906
768,0.00006949999806238338
769,0.00006569999823113903
770,0.0000625000029685907
771,0.00006009999924572185
772,0.000058000001445179805
773,0.0000562999994144775
774,0.000054799998906673864
775,0.00005279999822960235
776,0.00005059999966761097
777,0.00004819999958272092
778,0.00004640000042854808
779,0.00004510000144364312
780,0.000043799998820759356
781,0.00004239999907440506
782,0.000040899998566601425
783,0.00003930000093532726
784,0.000037500001781154424
785,0.0000349000001733657
786,0.000032100000680657104
787,0.000029599999834317714
788,0.00002789999962260481
789,0.000026300000172341242
790,0.00002479999966453761
791,0.00002370000038354192
792,0.0000228000008064555
793,0.000022199999875738285
794,0.0000213999992411118
795,0.000021500000002561137
796,0.000021600000764010474
797,0.000021500000002561137
798,0.000021100000594742596
799,0.00002080000012938399
800,0.00002069999936793465
801,0.000020400000721565448
802,0.000019999999494757503
803,0.000019299999621580355
804,0.0000182999992830446
805,0.000017500000467407517
806,0.000015899999198154546
807,0.000014000000192027073
808,0.000012100000276404899
809,0.000010400000064691994
810,0.000009100000170292333
811,0.000007199999799922807
812,0.000004900000021734741
813,0.000003099999958067201
814,0.0000019999999949504854
815,0.0000013000000080864993
816,3.000000106112566e-7
817,0
818,0
819,0
820,0
821,0
822,0
823,0
824,0
825,0
826,0
827,0
828,0
829,0
830,0
831,0
832,0
833,0
834,0
835,0
836,0
837,0
838,0
839,0
840,0
841,0
842,0
843,0
844,0
845,0
846,0
847,0
848,0
849,0
850,0
851,0
852,0
853,0
854,0
855,0
856,0
857,0
858,0
859,0
860,0
861,0
862,0
863,0
864,0
865,0
866,0
867,0
868,0
869,0
870,0
871,0
872,0
873,0
874,0
875,0
876,0
877,0
878,0
879,0
880,0
881,0
882,0
883,0
884,0
885,0
886,0
887,0
888,0
889,0
890,0
891,0
892,0
893,0
894,0
895,0
896,0
897,0
898,0
899,0
900,0
901,0
902,0
903,0
904,0
905,0
906,0
907,0
908,0
909,0
910,0
911,0
912,0
913,0
914,0
915,0
916,0
917,0
918,0
919,0
920,0
921,0
922,0
923,0
924,0
925,0
926,0
927,0
928,0
929,0
930,0
931,0
932,0
933,0
934,0
935,0
936,0
937,0
938,0
939,0
940,0
941,0
942,0
943,0
944,0
945,0
946,0
947,0
948,0
949,0
950,0
951,0
952,0
953,0
954,0
955,0
956,0
957,0
958,0
959,0
960,0
961,0
962,0
963,0
964,0
965,0
966,0
967,0
968,0
969,0
970,0
971,0
972,0
973,0
974,0
975,0
976,0
977,0
978,0
979,0
980,0
981,0
982,0
983,0
984,0
985,0
986,0
987,0
988,0
989,0
990,0
991,0
992,0
993,0
994,0
995,0
996,0
997,0
998,0
999,0
1000,0
